Counterparty_ID,Name,Region,Type,Risk_Rating,Onboard_Date
CP00001,Stone PLC,APAC,Hedge Fund,Medium,2021-11-22
CP00002,Garrett-Wolf,NA,Corporate,Low,2022-03-22
CP00003,Adams and Sons,EMEA,Hedge Fund,Low,2021-04-08
CP00004,Kim-Wolfe,EMEA,Hedge Fund,Low,2022-09-14
CP00005,Johnson Ltd,NA,Hedge Fund,Low,2024-08-11
CP00006,"Lloyd, Mckinney and Collins",EMEA,Corporate,High,2021-04-17
CP00007,Tran Inc,APAC,Hedge Fund,Medium,2019-10-18
CP00008,Gay Inc,EMEA,Bank,Low,2021-10-18
CP00009,Valentine-Holland,EMEA,Asset Manager,Medium,2020-01-31
CP00010,Jimenez Ltd,NA,Corporate,Low,2022-12-05
CP00011,Hicks-Hill,EMEA,Bank,Low,2020-11-30
CP00012,Baird-Sanchez,APAC,Bank,Low,2019-02-21
CP00013,"Thomas, Lee and Greene",APAC,Bank,Low,2018-09-13
CP00014,"Suarez, Shields and Hill",APAC,Hedge Fund,Low,2021-03-13
CP00015,Morgan-French,EMEA,Hedge Fund,Medium,2023-02-21
CP00016,Hoover-Campbell,EMEA,Asset Manager,High,2020-06-19
CP00017,Monroe-Carpenter,APAC,Asset Manager,Low,2023-08-22
CP00018,"Burns, Hernandez and Ryan",NA,Asset Manager,Low,2018-01-27
CP00019,Cook-Hines,EMEA,Hedge Fund,Low,2019-02-26
CP00020,Gibson-Morris,APAC,Corporate,Low,2021-05-30
CP00021,Pollard and Sons,APAC,Hedge Fund,Low,2023-02-21
CP00022,"Reyes, Chase and Jenkins",APAC,Pension Fund,Low,2024-12-19
CP00023,Garner-Thornton,APAC,Asset Manager,Medium,2021-06-15
CP00024,Hughes-Alvarado,APAC,Bank,Low,2024-04-04
CP00025,"Pollard, Simpson and Johnson",APAC,Asset Manager,Low,2020-10-06
CP00026,"Sanford, Rivera and Garcia",APAC,Hedge Fund,Low,2018-08-08
CP00027,Garcia-Lozano,APAC,Asset Manager,Low,2022-02-20
CP00028,Bowen Group,NA,Bank,Low,2023-05-15
CP00029,"Booker, Jones and Harrington",APAC,Bank,Medium,2024-11-14
CP00030,Morgan-Schwartz,EMEA,Corporate,Low,2019-10-26
CP00031,"Miller, Murphy and Craig",EMEA,Bank,Medium,2020-09-17
CP00032,"James, Stewart and Higgins",NA,Corporate,Low,2018-07-09
CP00033,Brennan-Johnson,APAC,Bank,Low,2018-09-13
CP00034,Young Ltd,APAC,Asset Manager,Low,2018-03-10
CP00035,Bright-Francis,NA,Asset Manager,Medium,2019-09-09
CP00036,Good-Hodges,NA,Asset Manager,Low,2024-07-12
CP00037,"Brennan, Wallace and Benson",NA,Hedge Fund,Medium,2020-05-24
CP00038,Williams Inc,APAC,Bank,Low,2024-06-06
CP00039,Howard-Jordan,APAC,Bank,Medium,2022-06-15
CP00040,Schmidt PLC,EMEA,Hedge Fund,Low,2018-12-24
CP00041,"Sparks, Jackson and Miller",NA,Asset Manager,Medium,2018-09-14
CP00042,Harvey-Allen,EMEA,Pension Fund,Low,2020-10-05
CP00043,"Thomas, Murray and King",EMEA,Corporate,High,2024-07-29
CP00044,Estrada-Nolan,APAC,Corporate,Low,2022-10-23
CP00045,Santana-Byrd,NA,Corporate,Low,2018-10-12
CP00046,Jones LLC,APAC,Asset Manager,Low,2018-04-10
CP00047,"Evans, Hayden and Vaughn",APAC,Bank,Medium,2018-07-17
CP00048,Bruce-Gonzalez,EMEA,Pension Fund,Low,2024-12-05
CP00049,Castaneda-Rodriguez,EMEA,Asset Manager,Medium,2020-05-28
CP00050,Armstrong-Andrews,APAC,Asset Manager,Low,2023-02-13
CP00051,"Phillips, Spence and Barrett",APAC,Bank,Low,2021-10-21
CP00052,Smith-Grimes,EMEA,Hedge Fund,Low,2024-08-13
CP00053,"Beltran, Lozano and Mcgee",APAC,Hedge Fund,High,2019-07-25
CP00054,Parsons-Hall,EMEA,Corporate,Medium,2020-12-02
CP00055,Robinson-Lee,APAC,Asset Manager,High,2019-02-27
CP00056,Byrd-Le,EMEA,Hedge Fund,Low,2021-04-20
CP00057,"Becker, Taylor and Davis",EMEA,Pension Fund,Medium,2019-06-30
CP00058,"Lucas, Parker and Alexander",APAC,Bank,Medium,2018-03-13
CP00059,"Diaz, Anderson and Browning",APAC,Hedge Fund,Low,2021-05-09
CP00060,Burgess-Thompson,APAC,Bank,Medium,2020-02-08
CP00061,Buchanan LLC,APAC,Asset Manager,High,2024-06-13
CP00062,"Shaw, Nelson and Martin",NA,Pension Fund,Medium,2022-09-04
CP00063,Coffey-Phillips,APAC,Bank,Medium,2024-08-22
CP00064,Brock-Mcdonald,NA,Corporate,Low,2019-10-18
CP00065,Taylor and Sons,APAC,Bank,Low,2024-09-13
CP00066,"Ramsey, Whitney and Coffey",EMEA,Pension Fund,High,2022-12-03
CP00067,"Diaz, Gibbs and Smith",NA,Corporate,Low,2018-08-10
CP00068,"Martinez, Richardson and Curry",EMEA,Corporate,Medium,2018-07-02
CP00069,Richards-Carson,EMEA,Bank,Medium,2018-11-04
CP00070,Rodriguez-Hall,EMEA,Pension Fund,Medium,2021-11-21
CP00071,Harvey PLC,APAC,Asset Manager,High,2020-10-11
CP00072,Herman-Walker,NA,Hedge Fund,Low,2023-08-15
CP00073,Reid Group,NA,Corporate,Low,2020-04-28
CP00074,"Turner, Ortiz and Taylor",NA,Bank,Low,2020-03-15
CP00075,Torres Group,APAC,Corporate,Low,2018-08-04
CP00076,Davis PLC,NA,Bank,Low,2021-12-15
CP00077,Price LLC,NA,Asset Manager,Low,2018-04-12
CP00078,"Avery, Horton and Fernandez",APAC,Asset Manager,Medium,2019-07-28
CP00079,"Newton, Moore and Perry",APAC,Bank,High,2021-08-26
CP00080,Bass PLC,NA,Bank,Low,2019-10-21
CP00081,Crosby-Ramirez,EMEA,Bank,Low,2022-03-15
CP00082,"Wood, Ramos and Sampson",NA,Hedge Fund,High,2022-07-16
CP00083,Garcia-Jennings,APAC,Hedge Fund,Low,2018-08-15
CP00084,"Winters, Newman and Brown",NA,Asset Manager,Low,2018-04-16
CP00085,Lopez-Martinez,APAC,Bank,Low,2023-06-22
CP00086,Davis-Lewis,APAC,Bank,Low,2020-02-12
CP00087,"Harper, Smith and Buchanan",APAC,Asset Manager,Low,2019-03-06
CP00088,Zhang PLC,NA,Bank,High,2019-03-11
CP00089,Jones PLC,EMEA,Pension Fund,Low,2021-05-16
CP00090,Willis and Sons,EMEA,Corporate,Low,2020-05-16
CP00091,Schroeder-Kramer,APAC,Asset Manager,Low,2024-08-13
CP00092,"Smith, Garrison and Thomas",NA,Asset Manager,Low,2018-09-09
CP00093,Fernandez and Sons,APAC,Corporate,Medium,2020-05-06
CP00094,Guerrero Inc,NA,Bank,Medium,2021-04-09
CP00095,Smith and Sons,EMEA,Bank,Medium,2019-07-16
CP00096,"Morris, Thompson and Williams",APAC,Bank,Low,2022-01-10
CP00097,"Fisher, Wilson and Brown",EMEA,Corporate,High,2024-05-31
CP00098,Strickland-Palmer,APAC,Bank,Medium,2020-07-08
CP00099,Hayes and Sons,NA,Asset Manager,Medium,2021-03-20
CP00100,"Williams, Logan and Camacho",EMEA,Pension Fund,Low,2019-03-10
CP00101,"Turner, Schneider and Johnson",APAC,Corporate,Low,2023-10-09
CP00102,Boone-Simmons,NA,Asset Manager,Low,2020-08-27
CP00103,Henry Group,APAC,Bank,Medium,2020-04-16
CP00104,Lam LLC,EMEA,Corporate,Low,2024-02-26
CP00105,"Hernandez, Martinez and Weber",NA,Asset Manager,Low,2024-03-13
CP00106,"Kelley, Nguyen and Vang",EMEA,Bank,Medium,2020-06-17
CP00107,"Phillips, Wagner and Jordan",APAC,Bank,Medium,2019-04-18
CP00108,"Wilson, Pena and Rich",NA,Pension Fund,High,2018-09-05
CP00109,"Le, Lewis and Hayes",EMEA,Asset Manager,Low,2024-08-27
CP00110,Gutierrez Group,APAC,Corporate,Medium,2020-09-18
CP00111,Perry-Davis,APAC,Corporate,Low,2020-07-16
CP00112,Edwards-Scott,NA,Asset Manager,Low,2021-04-07
CP00113,Mcdaniel Group,EMEA,Asset Manager,Low,2020-12-11
CP00114,Davis Inc,EMEA,Hedge Fund,Low,2023-01-10
CP00115,Reynolds Ltd,NA,Hedge Fund,Low,2019-11-21
CP00116,"Watson, Anderson and Brown",NA,Hedge Fund,Medium,2024-08-25
CP00117,"Hoffman, Santiago and Jenkins",APAC,Corporate,Low,2024-11-27
CP00118,"Pugh, Henderson and Moon",APAC,Asset Manager,Medium,2022-01-25
CP00119,Schmitt PLC,APAC,Corporate,Low,2020-08-18
CP00120,Bell-Lane,NA,Hedge Fund,Low,2019-04-24
CP00121,Moore Group,APAC,Asset Manager,Low,2019-12-09
CP00122,Boone LLC,EMEA,Asset Manager,Low,2021-02-12
CP00123,"Richardson, Farmer and Andrews",NA,Asset Manager,Low,2020-01-25
CP00124,Bruce-Villegas,NA,Asset Manager,Low,2024-12-26
CP00125,"Austin, Day and Johnson",APAC,Bank,Low,2022-07-19
CP00126,"Gallegos, Adams and White",NA,Asset Manager,Low,2019-08-12
CP00127,"Farmer, Dorsey and Bell",APAC,Bank,Low,2021-08-28
CP00128,Kane PLC,NA,Hedge Fund,High,2022-02-02
CP00129,"Morales, Thomas and Schultz",APAC,Hedge Fund,Low,2023-01-23
CP00130,Davis PLC,APAC,Asset Manager,Medium,2018-07-27
CP00131,Bennett Group,NA,Pension Fund,Medium,2024-01-09
CP00132,Moore-Collins,APAC,Asset Manager,High,2018-06-15
CP00133,Frank-Bradley,APAC,Asset Manager,Medium,2023-06-23
CP00134,Ware and Sons,NA,Asset Manager,Low,2023-09-17
CP00135,Webster Inc,NA,Asset Manager,Medium,2018-11-30
CP00136,"Miller, Ramos and Coleman",EMEA,Bank,Medium,2019-02-08
CP00137,"Ramos, Nelson and Fischer",EMEA,Bank,Low,2019-02-19
CP00138,Reed Inc,EMEA,Hedge Fund,Low,2018-02-15
CP00139,Gregory-Watkins,APAC,Hedge Fund,Low,2024-03-04
CP00140,"Estrada, Williams and Foster",APAC,Bank,Medium,2018-03-04
CP00141,"Brown, Harris and Dougherty",APAC,Bank,Medium,2024-10-04
CP00142,Duran LLC,NA,Bank,Low,2020-05-18
CP00143,Wilson-Jimenez,EMEA,Pension Fund,Low,2022-02-01
CP00144,Thompson-James,EMEA,Hedge Fund,Low,2018-01-20
CP00145,"Hall, Hansen and Barnett",EMEA,Hedge Fund,Low,2019-01-01
CP00146,Jones-Hensley,NA,Bank,High,2024-10-12
CP00147,Graham Group,APAC,Asset Manager,Low,2021-02-15
CP00148,Atkins PLC,EMEA,Bank,Low,2019-08-04
CP00149,Berry-Mckinney,EMEA,Bank,Low,2019-07-01
CP00150,Roberts-Sullivan,EMEA,Asset Manager,Medium,2022-09-27
CP00151,Jackson-Meza,APAC,Bank,Low,2024-07-01
CP00152,Collier-Gillespie,NA,Bank,Medium,2018-02-25
CP00153,Kim Inc,NA,Bank,Low,2020-02-18
CP00154,Graham Group,EMEA,Bank,Low,2018-02-12
CP00155,"Miller, Harrell and Reese",EMEA,Bank,Low,2021-08-14
CP00156,Cook and Sons,NA,Hedge Fund,Low,2018-08-20
CP00157,Dixon Inc,NA,Corporate,Low,2019-03-30
CP00158,"Hicks, Bullock and Bailey",APAC,Asset Manager,High,2024-09-08
CP00159,"Mullen, Brewer and Hernandez",EMEA,Asset Manager,Medium,2022-03-27
CP00160,Thomas and Sons,EMEA,Bank,High,2021-10-14
CP00161,Morrison Ltd,EMEA,Pension Fund,Low,2022-01-08
CP00162,Thompson Ltd,NA,Hedge Fund,High,2021-02-26
CP00163,Marshall-Elliott,NA,Bank,Low,2024-09-06
CP00164,"Cole, Glass and Cunningham",NA,Asset Manager,Low,2021-05-02
CP00165,"Downs, Morris and Maddox",EMEA,Bank,Low,2020-05-31
CP00166,Hernandez-Jones,APAC,Hedge Fund,Low,2018-03-27
CP00167,Welch-Hogan,NA,Asset Manager,Medium,2020-11-20
CP00168,"Brown, Romero and Collins",NA,Corporate,Low,2018-02-19
CP00169,Johnson-Wood,APAC,Hedge Fund,Low,2021-03-15
CP00170,Jones-Lin,NA,Asset Manager,Medium,2018-03-11
CP00171,Gilbert PLC,NA,Pension Fund,Low,2024-12-02
CP00172,Ford-Spencer,EMEA,Bank,Low,2022-08-30
CP00173,"Huang, Cole and Pacheco",EMEA,Bank,Low,2022-05-19
CP00174,"Lopez, Jacobs and Mason",APAC,Hedge Fund,Medium,2024-01-05
CP00175,Hayes LLC,APAC,Hedge Fund,Medium,2023-02-14
CP00176,"Miller, Lucas and Williams",APAC,Hedge Fund,Low,2020-10-13
CP00177,"Kim, Gonzales and Mills",NA,Pension Fund,Low,2019-03-23
CP00178,Cox LLC,APAC,Asset Manager,Low,2024-03-19
CP00179,Ortiz-Morgan,APAC,Asset Manager,Medium,2021-11-03
CP00180,"Williams, Mccoy and Cook",APAC,Hedge Fund,Low,2023-11-14
CP00181,Davis-Gregory,EMEA,Corporate,Low,2018-09-20
CP00182,King-York,NA,Pension Fund,Low,2023-01-24
CP00183,"Marks, Cook and Aguilar",APAC,Corporate,Low,2020-06-16
CP00184,Rangel LLC,APAC,Bank,Low,2020-12-31
CP00185,"Hale, Myers and Larson",NA,Asset Manager,Medium,2024-03-17
CP00186,Collins Group,EMEA,Bank,Low,2022-04-07
CP00187,"Conner, Li and Santiago",APAC,Bank,Low,2018-04-03
CP00188,"Osborn, Gaines and Davis",EMEA,Bank,Medium,2018-05-08
CP00189,"Henderson, Cox and Cox",APAC,Asset Manager,Medium,2018-03-22
CP00190,Bean LLC,APAC,Asset Manager,Low,2023-01-23
CP00191,Lee-Cooke,EMEA,Bank,Low,2020-09-10
CP00192,Jones Inc,EMEA,Hedge Fund,Low,2020-07-05
CP00193,"Wise, Conley and Stephenson",NA,Hedge Fund,High,2024-12-09
CP00194,Stanley PLC,APAC,Hedge Fund,Low,2019-11-26
CP00195,Harper and Sons,EMEA,Bank,High,2018-01-26
CP00196,White Ltd,EMEA,Hedge Fund,Medium,2018-06-06
CP00197,"Lamb, Martin and Kim",APAC,Corporate,Low,2022-12-19
CP00198,Diaz-Ball,EMEA,Bank,Low,2022-04-04
CP00199,Bishop-Goodwin,APAC,Bank,Low,2023-05-22
CP00200,Young-Allen,NA,Hedge Fund,Low,2022-10-01
CP00201,Mckee-Lee,APAC,Pension Fund,Low,2020-12-17
CP00202,"Valentine, Joyce and Murray",EMEA,Asset Manager,Medium,2022-06-18
CP00203,Strickland-Shaw,APAC,Asset Manager,High,2018-01-20
CP00204,Burch-Montoya,NA,Hedge Fund,Low,2021-11-09
CP00205,"Taylor, Wright and Davidson",EMEA,Asset Manager,Medium,2021-05-02
CP00206,Spencer-Garcia,EMEA,Bank,Low,2024-04-04
CP00207,"Rosales, Mitchell and Hines",APAC,Asset Manager,Low,2021-11-12
CP00208,Cole-Palmer,NA,Pension Fund,Low,2018-10-05
CP00209,Davis-Lozano,APAC,Asset Manager,Medium,2020-01-16
CP00210,Wilkerson-Arias,NA,Corporate,High,2019-07-07
CP00211,Brown-Shaw,APAC,Asset Manager,Medium,2021-03-23
CP00212,Hughes Inc,APAC,Bank,Low,2019-10-02
CP00213,Walker-Flores,APAC,Pension Fund,Low,2018-08-26
CP00214,Combs Ltd,EMEA,Bank,Low,2020-09-25
CP00215,Moody-Taylor,EMEA,Asset Manager,Low,2023-10-05
CP00216,Lowery-Kennedy,APAC,Bank,Medium,2023-06-28
CP00217,Blake Group,NA,Bank,Medium,2021-12-31
CP00218,Gilbert-Bullock,EMEA,Hedge Fund,Medium,2023-11-28
CP00219,Scott and Sons,EMEA,Bank,Low,2021-04-23
CP00220,"Bentley, Lynch and Henderson",EMEA,Hedge Fund,Low,2021-10-24
CP00221,Young-Martinez,EMEA,Asset Manager,Low,2023-07-01
CP00222,Barnes PLC,EMEA,Bank,Low,2021-05-07
CP00223,Brown-Copeland,APAC,Bank,Low,2021-10-27
CP00224,Carlson-Smith,APAC,Asset Manager,Medium,2019-01-09
CP00225,"Andrews, Higgins and Carter",NA,Hedge Fund,Medium,2022-03-02
CP00226,Mendez and Sons,NA,Asset Manager,Low,2024-02-28
CP00227,"Butler, Beck and Miller",APAC,Asset Manager,Low,2020-04-29
CP00228,Jones-Fox,APAC,Corporate,Low,2021-09-08
CP00229,"Hartman, Romero and Smith",EMEA,Asset Manager,Low,2024-05-12
CP00230,Williams-Hughes,EMEA,Hedge Fund,Medium,2024-03-09
CP00231,King-Smith,APAC,Asset Manager,Low,2019-05-20
CP00232,Cooper Ltd,APAC,Bank,Low,2019-12-05
CP00233,"Fuller, Ingram and Moss",NA,Hedge Fund,Low,2023-09-22
CP00234,Anderson-Bell,EMEA,Corporate,Medium,2018-11-12
CP00235,Li-Thompson,APAC,Hedge Fund,Low,2024-07-05
CP00236,"Marshall, Dominguez and Welch",APAC,Corporate,Low,2020-11-07
CP00237,Brown Group,APAC,Corporate,Low,2018-10-11
CP00238,Carter Inc,EMEA,Corporate,Medium,2018-09-16
CP00239,Blackwell LLC,APAC,Pension Fund,High,2019-07-30
CP00240,Robertson-Hays,APAC,Hedge Fund,Low,2019-07-29
CP00241,"Kennedy, Johnson and Lucas",NA,Hedge Fund,Medium,2020-11-09
CP00242,Kelly-Norman,APAC,Asset Manager,High,2022-04-03
CP00243,"Rivera, Martinez and Richardson",EMEA,Hedge Fund,High,2019-02-28
CP00244,Paul-Kline,APAC,Asset Manager,Medium,2022-01-30
CP00245,Morgan-Lopez,APAC,Asset Manager,Medium,2021-10-29
CP00246,"Jimenez, Glass and Stone",APAC,Asset Manager,Low,2020-01-29
CP00247,Acosta Inc,NA,Hedge Fund,Medium,2021-01-10
CP00248,Morrison-Short,NA,Bank,Low,2022-04-25
CP00249,"Carter, Garcia and Murphy",NA,Hedge Fund,Medium,2024-10-08
CP00250,Parker-Morrison,APAC,Bank,Low,2019-03-06
CP00251,Jackson-Wallace,EMEA,Corporate,Medium,2023-07-16
CP00252,Williams-Berg,APAC,Hedge Fund,Medium,2018-07-24
CP00253,Mendez-Graham,APAC,Bank,Low,2024-02-23
CP00254,"Whitney, Gould and Jones",NA,Bank,Medium,2024-05-22
CP00255,"Sullivan, Palmer and Brady",APAC,Asset Manager,Low,2023-06-17
CP00256,Cisneros and Sons,APAC,Asset Manager,Medium,2024-02-23
CP00257,"Gregory, Kim and Martinez",APAC,Hedge Fund,Low,2018-11-04
CP00258,Osborne LLC,APAC,Bank,Low,2022-08-16
CP00259,Reyes-Bradley,APAC,Hedge Fund,High,2018-01-15
CP00260,"Hernandez, Cole and Watson",EMEA,Hedge Fund,Low,2023-02-05
CP00261,Hines-Berry,EMEA,Asset Manager,Medium,2023-05-17
CP00262,"Richardson, Edwards and Ramirez",NA,Asset Manager,Low,2020-12-17
CP00263,Johnson and Sons,NA,Hedge Fund,Low,2019-12-25
CP00264,Holmes-Mcintyre,APAC,Bank,Low,2020-02-20
CP00265,Green LLC,APAC,Pension Fund,Low,2021-05-19
CP00266,"Griffin, Davies and Mitchell",APAC,Hedge Fund,Low,2019-06-14
CP00267,Gonzalez-Taylor,EMEA,Asset Manager,Low,2020-03-09
CP00268,Hayes Ltd,APAC,Bank,Low,2018-12-11
CP00269,Osborn-Cochran,EMEA,Hedge Fund,Low,2021-07-27
CP00270,Contreras-Mckinney,EMEA,Bank,High,2018-07-29
CP00271,"Daniels, Vance and York",EMEA,Asset Manager,High,2019-10-04
CP00272,"Mckinney, Graves and Thompson",EMEA,Pension Fund,Low,2021-08-05
CP00273,Hicks-Martinez,APAC,Hedge Fund,Medium,2024-04-19
CP00274,Conner and Sons,NA,Bank,Low,2024-05-08
CP00275,Johnson-Spencer,NA,Bank,Medium,2023-05-03
CP00276,Mcdonald-Bird,APAC,Hedge Fund,Medium,2020-07-09
CP00277,Salazar Inc,NA,Bank,High,2022-09-21
CP00278,Parker Ltd,EMEA,Bank,Low,2023-08-08
CP00279,"Mendoza, Jenkins and Ortiz",NA,Corporate,Medium,2019-02-24
CP00280,"Jones, Compton and Day",NA,Hedge Fund,Low,2022-10-17
CP00281,Owens-Holmes,EMEA,Bank,High,2021-10-21
CP00282,Humphrey PLC,APAC,Pension Fund,Low,2021-01-05
CP00283,"Matthews, Saunders and Anderson",APAC,Bank,Medium,2024-10-17
CP00284,"Bartlett, Brown and Martinez",EMEA,Pension Fund,Medium,2023-11-28
CP00285,Torres and Sons,EMEA,Hedge Fund,Medium,2022-03-27
CP00286,Donovan-Perez,APAC,Corporate,Low,2020-12-07
CP00287,"Jacobson, Singleton and King",APAC,Asset Manager,High,2024-08-24
CP00288,"Huber, Hill and Weber",NA,Corporate,Low,2023-01-26
CP00289,"Ferguson, Shaw and Jackson",NA,Pension Fund,Medium,2021-01-25
CP00290,"Moore, Hopkins and Le",EMEA,Bank,Low,2020-08-16
CP00291,"Morgan, Bradshaw and Williams",APAC,Pension Fund,Low,2018-04-14
CP00292,Miller Ltd,APAC,Hedge Fund,Low,2021-03-16
CP00293,"Baker, Clark and Armstrong",APAC,Hedge Fund,Low,2023-03-20
CP00294,"Fowler, Jimenez and Burton",NA,Hedge Fund,Low,2022-10-23
CP00295,May-Turner,APAC,Asset Manager,Low,2019-11-11
CP00296,Ballard Ltd,EMEA,Bank,Low,2023-05-24
CP00297,Evans-Jones,APAC,Asset Manager,Medium,2020-09-16
CP00298,Moore Group,EMEA,Asset Manager,Medium,2021-01-11
CP00299,Marshall-Peterson,EMEA,Corporate,Low,2024-10-12
CP00300,Edwards Ltd,NA,Corporate,Low,2022-05-28
CP00301,Gross-Valencia,APAC,Hedge Fund,Low,2022-02-12
CP00302,Anderson-Wood,APAC,Hedge Fund,Low,2022-11-26
CP00303,"Rodriguez, Allen and Martinez",APAC,Bank,Medium,2021-04-01
CP00304,Wright-Davis,NA,Bank,Medium,2020-07-21
CP00305,Dougherty-Lin,NA,Bank,Low,2021-11-27
CP00306,Wright-Grimes,EMEA,Hedge Fund,Low,2020-11-28
CP00307,Li PLC,EMEA,Bank,Low,2023-06-03
CP00308,"Edwards, Hines and Jimenez",EMEA,Pension Fund,Medium,2024-09-07
CP00309,"Owens, Koch and Jimenez",APAC,Asset Manager,High,2023-08-06
CP00310,Landry PLC,NA,Hedge Fund,Low,2024-12-17
CP00311,Levy-Lewis,EMEA,Asset Manager,Low,2021-07-03
CP00312,Williams-Campbell,APAC,Bank,Medium,2021-04-18
CP00313,"Khan, Pena and Ruiz",EMEA,Hedge Fund,High,2019-08-18
CP00314,"Smith, Rodriguez and Anderson",APAC,Asset Manager,Low,2024-09-03
CP00315,Luna-Gallagher,APAC,Hedge Fund,Low,2021-11-23
CP00316,Williams-Williams,NA,Hedge Fund,Low,2024-01-16
CP00317,"Lee, Tran and Jones",APAC,Pension Fund,Low,2020-10-25
CP00318,"Cole, Pierce and Bryan",EMEA,Corporate,Low,2024-01-25
CP00319,"Becker, Wilson and Hester",APAC,Asset Manager,Low,2020-08-18
CP00320,Brooks-Hatfield,APAC,Asset Manager,Low,2024-09-23
CP00321,"Mcmillan, Fischer and Gonzalez",APAC,Asset Manager,Low,2024-02-21
CP00322,"Morales, Williams and Williams",APAC,Bank,Medium,2024-04-02
CP00323,"Cook, Wells and Bryant",NA,Hedge Fund,Low,2021-03-20
CP00324,"Barry, Taylor and Velazquez",APAC,Bank,Low,2020-03-27
CP00325,Martin-Ewing,EMEA,Hedge Fund,Low,2019-02-09
CP00326,"Kirby, Wheeler and Romero",EMEA,Asset Manager,Low,2020-06-12
CP00327,"Patel, Erickson and Evans",EMEA,Bank,High,2018-03-10
CP00328,Richardson Ltd,NA,Pension Fund,Low,2018-03-30
CP00329,Whitney PLC,NA,Pension Fund,Low,2024-03-15
CP00330,Robles-Swanson,APAC,Asset Manager,Medium,2023-08-12
CP00331,"Soto, Carlson and Baker",APAC,Asset Manager,Low,2021-03-05
CP00332,"Patton, Parsons and Lane",APAC,Corporate,High,2022-09-18
CP00333,"Williams, Castillo and Warren",EMEA,Bank,Low,2021-10-07
CP00334,"Harvey, Randall and Hernandez",APAC,Corporate,Low,2023-12-29
CP00335,"Allen, Armstrong and Graves",EMEA,Bank,Low,2023-12-22
CP00336,Smith LLC,EMEA,Corporate,Low,2022-07-03
CP00337,Hernandez-Vaughn,APAC,Bank,Medium,2018-06-28
CP00338,Shaw-Carr,NA,Corporate,Medium,2021-10-14
CP00339,Salas-Fitzgerald,APAC,Pension Fund,Low,2024-08-25
CP00340,Thornton PLC,APAC,Bank,Low,2020-06-27
CP00341,Hoffman Ltd,NA,Hedge Fund,Medium,2024-11-03
CP00342,Fox-Edwards,EMEA,Pension Fund,High,2019-08-10
CP00343,Stevens PLC,EMEA,Hedge Fund,Low,2024-11-16
CP00344,Payne-Lowe,EMEA,Corporate,Low,2020-09-17
CP00345,"Becker, Lara and Baker",APAC,Asset Manager,Low,2021-02-06
CP00346,Lee-Wright,NA,Hedge Fund,Medium,2023-12-11
CP00347,"Evans, David and Hendrix",NA,Bank,Low,2023-08-28
CP00348,Bush-Vaughn,EMEA,Bank,Low,2021-05-05
CP00349,Stewart-Bailey,APAC,Corporate,Medium,2024-07-03
CP00350,"Hill, Martinez and Rhodes",EMEA,Hedge Fund,Low,2018-11-15
CP00351,Huang-Foster,APAC,Asset Manager,Low,2022-02-12
CP00352,Blevins-Ballard,APAC,Hedge Fund,Low,2023-07-29
CP00353,Williams-Moses,NA,Asset Manager,Low,2023-08-06
CP00354,Reed Group,APAC,Corporate,Low,2019-05-19
CP00355,"Scott, Mendoza and Harris",NA,Pension Fund,Low,2023-07-17
CP00356,"Nelson, Hoffman and Nelson",EMEA,Hedge Fund,Low,2018-04-30
CP00357,Gilbert PLC,APAC,Corporate,Low,2019-12-12
CP00358,Sanchez Ltd,EMEA,Corporate,Medium,2018-02-15
CP00359,"Perez, Hall and Garcia",NA,Asset Manager,Medium,2018-11-11
CP00360,Love-Garcia,NA,Pension Fund,Low,2019-02-23
CP00361,Smith PLC,NA,Bank,Low,2021-01-07
CP00362,Russell Group,EMEA,Bank,Low,2018-11-23
CP00363,Santos-Avila,EMEA,Corporate,Low,2021-12-11
CP00364,Morris-Brewer,NA,Hedge Fund,Low,2023-06-11
CP00365,Pearson and Sons,APAC,Corporate,Medium,2024-03-12
CP00366,"Rodgers, Jefferson and Johnson",EMEA,Corporate,Low,2018-03-16
CP00367,Butler and Sons,APAC,Bank,Low,2022-05-23
CP00368,Osborn Group,NA,Corporate,Low,2019-05-25
CP00369,Lopez-Curry,NA,Hedge Fund,Medium,2024-07-08
CP00370,Mcdowell-Smith,APAC,Asset Manager,Low,2019-11-20
CP00371,"Morrison, Hebert and Rogers",NA,Asset Manager,Medium,2019-10-20
CP00372,Hays-Daniels,NA,Pension Fund,Low,2022-03-24
CP00373,Small-Anderson,APAC,Bank,Medium,2021-07-17
CP00374,"Mcdonald, Lee and Rodriguez",EMEA,Hedge Fund,Medium,2021-11-01
CP00375,Simon Ltd,NA,Asset Manager,Low,2022-04-03
CP00376,Higgins-Smith,APAC,Asset Manager,Low,2020-12-12
CP00377,Gibbs-Bradley,EMEA,Asset Manager,Low,2018-11-22
CP00378,Thompson Ltd,APAC,Bank,Low,2020-09-19
CP00379,Wilcox-Robertson,NA,Bank,Medium,2023-06-18
CP00380,Morales Inc,NA,Hedge Fund,Medium,2019-12-19
CP00381,Holden Group,NA,Corporate,Medium,2018-10-05
CP00382,Boyle-Smith,EMEA,Bank,Medium,2018-06-02
CP00383,Young-Molina,NA,Bank,Low,2020-08-13
CP00384,Turner-Sharp,NA,Pension Fund,Low,2022-02-16
CP00385,Green LLC,APAC,Bank,Medium,2018-09-17
CP00386,"Young, Contreras and Marshall",NA,Pension Fund,Low,2024-06-30
CP00387,Sullivan PLC,APAC,Asset Manager,Medium,2020-05-19
CP00388,"Carrillo, Vaughn and Fowler",EMEA,Corporate,Low,2021-04-07
CP00389,Richardson-Walker,APAC,Bank,Low,2019-11-20
CP00390,Mendoza Group,APAC,Bank,High,2018-11-07
CP00391,"Zhang, Brooks and Miles",APAC,Asset Manager,Low,2022-02-12
CP00392,Todd-Pham,EMEA,Corporate,High,2019-04-19
CP00393,Gill Ltd,APAC,Asset Manager,High,2024-11-14
CP00394,"Marks, Miller and Griffin",NA,Bank,Medium,2020-03-25
CP00395,"Cox, Stark and Rodriguez",APAC,Corporate,Medium,2020-04-26
CP00396,"Leach, Harris and Herrera",APAC,Corporate,Low,2021-03-11
CP00397,Murphy PLC,EMEA,Asset Manager,Medium,2019-10-30
CP00398,Wilson-Harris,NA,Corporate,Low,2024-04-29
CP00399,"Burns, Nolan and Griffin",APAC,Corporate,Low,2022-12-15
CP00400,Chavez PLC,EMEA,Asset Manager,Medium,2021-12-15
CP00401,Bryant-Brown,NA,Bank,Low,2022-11-04
CP00402,Chambers-Parker,EMEA,Hedge Fund,Low,2021-06-19
CP00403,Foster Inc,APAC,Bank,Low,2018-12-22
CP00404,"Robinson, Jones and Henderson",APAC,Hedge Fund,Low,2023-02-17
CP00405,"Brown, Mcknight and Michael",NA,Hedge Fund,Medium,2023-07-19
CP00406,Andersen Group,APAC,Bank,Low,2018-06-30
CP00407,Mitchell and Sons,NA,Hedge Fund,High,2018-03-08
CP00408,Cannon Ltd,EMEA,Bank,Medium,2020-03-31
CP00409,"Stuart, Brooks and Vance",NA,Corporate,Medium,2021-10-04
CP00410,Kane-Knox,NA,Pension Fund,Low,2018-06-21
CP00411,Miller-Brandt,NA,Bank,Medium,2024-11-27
CP00412,"Anderson, Dalton and Wilson",APAC,Pension Fund,Low,2021-10-23
CP00413,"Long, Anderson and Irwin",NA,Asset Manager,Medium,2021-02-05
CP00414,Avila LLC,EMEA,Bank,Low,2024-10-23
CP00415,Nunez-Stephens,EMEA,Bank,Medium,2020-04-15
CP00416,"Gray, Hall and Murray",EMEA,Asset Manager,High,2018-08-16
CP00417,Hill Ltd,NA,Corporate,Low,2019-03-19
CP00418,Johnson Ltd,NA,Asset Manager,Low,2024-09-10
CP00419,Mendez-Mayer,NA,Bank,Medium,2019-12-30
CP00420,Allen Inc,EMEA,Bank,Low,2022-05-25
CP00421,Wheeler Group,EMEA,Hedge Fund,Medium,2023-11-03
CP00422,"Powers, Brennan and Sanchez",NA,Bank,Low,2020-11-03
CP00423,Morales and Sons,APAC,Bank,Low,2023-01-08
CP00424,"Robinson, Shields and Brown",APAC,Bank,High,2023-01-24
CP00425,"Holder, Young and Hendricks",APAC,Corporate,Medium,2019-05-09
CP00426,"Flores, Harper and Chambers",APAC,Pension Fund,Medium,2022-03-30
CP00427,Young-Walter,APAC,Hedge Fund,Low,2021-02-18
CP00428,"Boyd, Gutierrez and Hill",APAC,Pension Fund,Medium,2020-08-28
CP00429,"Fry, Hobbs and Buck",APAC,Hedge Fund,Low,2024-07-29
CP00430,"Shelton, Peters and Williams",APAC,Hedge Fund,Medium,2023-09-20
CP00431,David-Powers,NA,Bank,Medium,2019-10-03
CP00432,"Flores, Butler and Hernandez",EMEA,Asset Manager,Low,2018-06-23
CP00433,White-Medina,APAC,Pension Fund,Low,2022-04-21
CP00434,Atkinson LLC,EMEA,Asset Manager,Low,2018-09-17
CP00435,"Thomas, Ford and Brown",APAC,Hedge Fund,Medium,2019-06-02
CP00436,Faulkner-Grant,NA,Asset Manager,Low,2019-06-08
CP00437,Price LLC,NA,Bank,Medium,2023-04-03
CP00438,Rivera Inc,APAC,Corporate,Low,2023-12-06
CP00439,Boone-Davis,EMEA,Asset Manager,Medium,2024-02-11
CP00440,"Calderon, Williams and Bennett",NA,Hedge Fund,Medium,2023-04-15
CP00441,"Morrison, Russo and Lopez",NA,Asset Manager,Low,2021-02-14
CP00442,"Ramsey, Hansen and Mendoza",EMEA,Asset Manager,Low,2024-01-20
CP00443,Turner-Stout,EMEA,Bank,Low,2020-04-19
CP00444,Giles Ltd,APAC,Asset Manager,Medium,2020-12-26
CP00445,Burgess Group,NA,Bank,Medium,2020-12-30
CP00446,Dominguez Ltd,APAC,Asset Manager,Low,2024-10-31
CP00447,Sanders and Sons,NA,Corporate,Medium,2024-09-30
CP00448,"Morris, Campbell and Owens",EMEA,Corporate,Low,2024-10-25
CP00449,"Howard, Green and Hunt",EMEA,Asset Manager,Low,2023-05-25
CP00450,Owens-Lang,EMEA,Asset Manager,High,2024-11-17
CP00451,"Harrison, Franco and Rocha",APAC,Bank,Low,2024-09-10
CP00452,Edwards-Williams,APAC,Corporate,Low,2022-04-25
CP00453,Figueroa Inc,APAC,Bank,Low,2022-05-01
CP00454,Tran-Silva,APAC,Hedge Fund,Low,2024-09-09
CP00455,"Butler, Hernandez and Rivera",NA,Bank,Low,2024-07-02
CP00456,Hudson-Sanchez,APAC,Bank,Low,2021-01-20
CP00457,"Pena, Cohen and Scott",APAC,Asset Manager,Medium,2020-01-21
CP00458,Levy-May,NA,Bank,Low,2020-12-30
CP00459,Murray-Oconnor,NA,Asset Manager,Low,2021-04-05
CP00460,Jackson-Cortez,NA,Hedge Fund,Low,2024-03-12
CP00461,White-Preston,NA,Bank,Low,2023-02-20
CP00462,"Bernard, Warren and Combs",APAC,Asset Manager,Medium,2022-11-24
CP00463,Landry Ltd,APAC,Bank,High,2024-08-14
CP00464,Duran Group,NA,Bank,Low,2022-05-28
CP00465,Kirby and Sons,EMEA,Asset Manager,Medium,2018-02-19
CP00466,Mann Inc,APAC,Bank,Low,2020-12-12
CP00467,Wagner LLC,NA,Corporate,Low,2021-08-06
CP00468,Williamson Ltd,APAC,Bank,Low,2022-07-09
CP00469,"Durham, Hopkins and Smith",APAC,Bank,Low,2023-12-22
CP00470,"Arnold, Smith and Moreno",EMEA,Asset Manager,Low,2021-04-05
CP00471,Nichols-Mitchell,EMEA,Hedge Fund,Medium,2021-10-30
CP00472,"Li, Craig and Drake",EMEA,Bank,Low,2024-08-18
CP00473,Rodriguez Inc,APAC,Hedge Fund,High,2023-01-04
CP00474,"Hernandez, Lee and Fox",NA,Bank,Low,2019-04-25
CP00475,Adams-Sanders,APAC,Corporate,Low,2020-04-12
CP00476,Chung-Stevens,APAC,Hedge Fund,Medium,2022-06-04
CP00477,Branch and Sons,NA,Corporate,Low,2019-11-14
CP00478,Sutton-Abbott,NA,Corporate,Low,2021-08-17
CP00479,"Frey, Santos and Johnson",NA,Hedge Fund,Medium,2018-03-24
CP00480,Gray-Tran,NA,Pension Fund,High,2018-03-29
CP00481,Walsh Ltd,EMEA,Hedge Fund,Medium,2024-03-23
CP00482,Miller Group,EMEA,Pension Fund,Medium,2023-08-27
CP00483,"Mueller, Knight and Hodge",APAC,Bank,Medium,2020-04-02
CP00484,Jacobson Inc,EMEA,Asset Manager,High,2018-06-13
CP00485,Lewis Ltd,APAC,Hedge Fund,Low,2024-07-26
CP00486,"Alvarez, Williams and Jones",APAC,Hedge Fund,Low,2023-04-18
CP00487,Lam-Elliott,NA,Asset Manager,Low,2023-01-26
CP00488,White LLC,EMEA,Asset Manager,Low,2023-02-05
CP00489,Ali PLC,APAC,Bank,Medium,2021-01-21
CP00490,Goodwin Ltd,APAC,Bank,Medium,2024-02-08
CP00491,Hickman-Evans,EMEA,Asset Manager,Low,2023-02-27
CP00492,"Allen, Davenport and Price",APAC,Asset Manager,Low,2024-12-16
CP00493,"Rivera, Campos and Taylor",NA,Pension Fund,Medium,2020-07-12
CP00494,"Ramsey, Mason and Mccann",EMEA,Corporate,Low,2023-12-17
CP00495,Davis and Sons,EMEA,Pension Fund,Medium,2021-12-21
CP00496,Peterson PLC,EMEA,Asset Manager,Low,2022-05-03
CP00497,"Sanders, Ayala and Johnson",NA,Bank,Low,2019-07-20
CP00498,Bowers-Hayes,APAC,Bank,Low,2024-11-06
CP00499,Kelly Group,EMEA,Corporate,Low,2019-04-17
CP00500,Lopez-Willis,EMEA,Asset Manager,Medium,2020-09-15
CP00501,Miller-Montgomery,APAC,Bank,High,2023-04-20
CP00502,Marquez Inc,NA,Hedge Fund,Medium,2018-08-13
CP00503,Moore-Dawson,NA,Pension Fund,Low,2024-01-12
CP00504,"Moore, Price and Ward",EMEA,Asset Manager,Low,2018-12-18
CP00505,Smith LLC,NA,Hedge Fund,Medium,2023-04-14
CP00506,Ward-Nelson,NA,Hedge Fund,Medium,2018-12-16
CP00507,Miller Group,NA,Bank,Low,2018-07-02
CP00508,Hawkins-Hunt,NA,Hedge Fund,Low,2019-09-30
CP00509,Johnson LLC,EMEA,Hedge Fund,Medium,2020-10-15
CP00510,"Davis, George and Nguyen",EMEA,Bank,Low,2024-02-06
CP00511,Smith-Gutierrez,EMEA,Corporate,Low,2020-02-12
CP00512,Hardy PLC,NA,Hedge Fund,Low,2020-10-13
CP00513,Armstrong and Sons,APAC,Corporate,Low,2023-10-14
CP00514,"James, Taylor and Turner",NA,Corporate,Medium,2018-01-30
CP00515,Thomas-Jackson,NA,Bank,High,2024-08-17
CP00516,Fisher-Washington,APAC,Asset Manager,Low,2023-11-16
CP00517,Ward and Sons,NA,Hedge Fund,Low,2023-03-10
CP00518,"Weber, Wheeler and Gonzalez",APAC,Corporate,Low,2022-01-06
CP00519,Taylor Inc,APAC,Bank,Low,2021-05-12
CP00520,Cook-Oliver,NA,Asset Manager,Low,2023-09-01
CP00521,Alexander-Jordan,APAC,Asset Manager,Medium,2021-01-31
CP00522,"Mccann, Taylor and Flores",NA,Bank,Low,2018-03-08
CP00523,"Harris, Edwards and Oconnell",NA,Bank,Low,2021-02-09
CP00524,Carter-Neal,EMEA,Asset Manager,Low,2018-12-05
CP00525,Faulkner-Casey,APAC,Asset Manager,Low,2023-12-12
CP00526,Bennett-Velasquez,APAC,Hedge Fund,Low,2022-09-26
CP00527,Diaz-Frederick,EMEA,Asset Manager,Low,2019-03-24
CP00528,Vargas PLC,NA,Hedge Fund,High,2018-10-09
CP00529,Maldonado PLC,EMEA,Asset Manager,Low,2019-08-20
CP00530,Benton Group,APAC,Bank,Low,2023-06-11
CP00531,"Clark, Salinas and Guerra",EMEA,Corporate,Medium,2020-12-11
CP00532,Fuentes Group,EMEA,Bank,High,2018-07-30
CP00533,"Porter, Schultz and Allen",NA,Hedge Fund,Low,2018-05-07
CP00534,"Moore, Henderson and Bennett",APAC,Bank,Medium,2019-05-08
CP00535,Ewing-Mendoza,NA,Bank,Low,2020-08-28
CP00536,Ferguson-Mclean,EMEA,Asset Manager,Low,2019-08-05
CP00537,"Barnes, Johnson and Schmitt",NA,Bank,Low,2024-04-25
CP00538,"Woodard, Herrera and Little",APAC,Corporate,Medium,2021-04-27
CP00539,Rodriguez and Sons,EMEA,Bank,Medium,2018-08-19
CP00540,"Ortega, Jackson and Salazar",NA,Hedge Fund,Low,2018-07-09
CP00541,"Terrell, Byrd and Ross",APAC,Hedge Fund,Low,2023-08-21
CP00542,Sheppard-Jordan,NA,Bank,Medium,2019-05-18
CP00543,Garcia and Sons,EMEA,Bank,Low,2023-11-04
CP00544,"Burgess, Grant and Watts",APAC,Hedge Fund,Low,2018-02-19
CP00545,Griffin Group,APAC,Hedge Fund,Medium,2019-11-21
CP00546,Barton-Chapman,NA,Hedge Fund,Medium,2019-01-23
CP00547,"Hernandez, Cuevas and Webb",APAC,Asset Manager,Medium,2020-08-28
CP00548,Perry-Nixon,EMEA,Asset Manager,Medium,2020-10-03
CP00549,Guerra Ltd,APAC,Bank,Low,2024-03-16
CP00550,Bailey LLC,EMEA,Hedge Fund,Medium,2022-09-22
CP00551,Mueller-Boyd,APAC,Pension Fund,Medium,2023-06-29
CP00552,Alvarez-Kim,NA,Asset Manager,Low,2024-04-22
CP00553,"Chavez, Jones and Williams",NA,Asset Manager,Low,2024-04-03
CP00554,"Wilson, Sweeney and Wong",NA,Hedge Fund,Low,2022-05-28
CP00555,"Marsh, Spears and Yang",NA,Corporate,Low,2022-11-26
CP00556,"Thompson, Moore and Castro",APAC,Corporate,Medium,2018-09-29
CP00557,Hall-Sullivan,NA,Asset Manager,Medium,2018-05-04
CP00558,Lopez Ltd,APAC,Pension Fund,Low,2021-07-05
CP00559,Foster-Mclaughlin,APAC,Bank,Low,2021-12-16
CP00560,Cole Group,APAC,Bank,High,2018-09-17
CP00561,Smith-Lewis,EMEA,Corporate,Low,2020-08-06
CP00562,Goodwin-Stokes,NA,Corporate,Low,2023-09-27
CP00563,Ray PLC,EMEA,Bank,Low,2020-05-13
CP00564,Diaz and Sons,EMEA,Bank,Low,2019-06-10
CP00565,Wilson-Lambert,APAC,Bank,Low,2020-06-07
CP00566,Rose-Fowler,NA,Bank,Low,2018-07-28
CP00567,"Price, Long and Wilson",EMEA,Corporate,Low,2018-05-30
CP00568,Bruce-Williamson,EMEA,Asset Manager,Low,2019-03-15
CP00569,"Mccarthy, Evans and Mendez",APAC,Hedge Fund,Low,2024-01-13
CP00570,Powers LLC,NA,Hedge Fund,Low,2022-09-19
CP00571,Allen Inc,EMEA,Bank,Medium,2018-12-25
CP00572,Brooks and Sons,APAC,Bank,Medium,2021-05-26
CP00573,"Price, Carlson and Andrews",APAC,Asset Manager,Low,2023-04-16
CP00574,Lopez-Reid,EMEA,Pension Fund,Low,2019-04-02
CP00575,"Ellison, Arias and Thompson",EMEA,Corporate,Medium,2022-06-22
CP00576,Burns and Sons,APAC,Bank,Low,2019-09-22
CP00577,Edwards Group,NA,Corporate,Low,2019-05-02
CP00578,"Brown, Howard and Smith",APAC,Corporate,Medium,2018-07-20
CP00579,Lee Group,EMEA,Corporate,Medium,2019-01-07
CP00580,"Wagner, Simpson and Cohen",NA,Hedge Fund,Medium,2020-10-11
CP00581,Mckinney-Wallace,EMEA,Hedge Fund,Low,2023-06-07
CP00582,Miller Inc,EMEA,Hedge Fund,Medium,2022-01-12
CP00583,Carter LLC,APAC,Bank,Low,2018-09-06
CP00584,Medina and Sons,APAC,Bank,Medium,2020-02-28
CP00585,Cunningham-Barton,NA,Bank,Low,2024-05-01
CP00586,Dunn-Wilson,EMEA,Hedge Fund,Low,2023-09-11
CP00587,Adams PLC,NA,Asset Manager,Medium,2022-03-03
CP00588,Weaver-Sherman,APAC,Hedge Fund,Low,2021-06-27
CP00589,"Alexander, Robinson and Coleman",APAC,Bank,Low,2019-08-29
CP00590,"Greer, Potter and Evans",APAC,Pension Fund,High,2022-08-18
CP00591,Cole LLC,EMEA,Pension Fund,Low,2021-11-19
CP00592,Gonzales Inc,APAC,Corporate,Low,2022-12-27
CP00593,Clark Ltd,NA,Pension Fund,Low,2019-05-18
CP00594,"Norris, Callahan and Bishop",EMEA,Asset Manager,Medium,2019-07-04
CP00595,Martin-Taylor,NA,Pension Fund,Medium,2021-09-28
CP00596,Li Inc,APAC,Bank,Low,2020-04-19
CP00597,"Bell, Campbell and Ryan",NA,Hedge Fund,Medium,2021-12-02
CP00598,Werner-Carter,NA,Bank,Low,2021-12-20
CP00599,"Adams, Hodge and Duke",NA,Bank,Medium,2020-04-28
CP00600,"Ochoa, Taylor and Brady",NA,Bank,Low,2019-09-07
CP00601,Sellers-Riddle,NA,Asset Manager,Low,2019-02-17
CP00602,"Martinez, Cline and Wright",EMEA,Corporate,High,2024-10-16
CP00603,"Morris, Wright and Bridges",APAC,Asset Manager,Low,2019-11-10
CP00604,Burns-Ray,APAC,Bank,Low,2018-06-09
CP00605,Burton-Brooks,NA,Corporate,Low,2023-08-25
CP00606,Schultz Inc,EMEA,Asset Manager,High,2019-01-09
CP00607,Robertson-Ramirez,NA,Hedge Fund,Low,2024-03-23
CP00608,Gibson-Freeman,EMEA,Asset Manager,Low,2021-01-02
CP00609,"Smith, Schroeder and Oconnor",APAC,Bank,Low,2019-08-27
CP00610,"Stanton, Reid and Terry",APAC,Hedge Fund,Low,2018-08-05
CP00611,Flynn Group,EMEA,Pension Fund,Low,2023-06-21
CP00612,Donaldson and Sons,EMEA,Bank,Medium,2022-04-15
CP00613,Adams-Clayton,APAC,Hedge Fund,High,2023-01-16
CP00614,Kelley-Anderson,EMEA,Corporate,Low,2023-05-18
CP00615,Kramer-Shannon,APAC,Asset Manager,Low,2019-12-29
CP00616,Williams Ltd,EMEA,Bank,Low,2021-05-30
CP00617,Smith-Noble,APAC,Bank,Low,2020-12-02
CP00618,Alexander Inc,NA,Bank,Medium,2019-11-08
CP00619,Harris-Barker,APAC,Asset Manager,Low,2018-10-11
CP00620,Khan LLC,EMEA,Hedge Fund,Low,2020-12-18
CP00621,Baxter LLC,APAC,Bank,Medium,2023-03-25
CP00622,Pena LLC,APAC,Pension Fund,Low,2021-02-27
CP00623,Watson Ltd,APAC,Asset Manager,Medium,2020-08-06
CP00624,Williams Ltd,EMEA,Bank,Low,2019-10-28
CP00625,Barber-Fischer,EMEA,Asset Manager,Medium,2022-09-15
CP00626,Rios-Padilla,APAC,Asset Manager,High,2021-02-23
CP00627,Lewis Inc,EMEA,Bank,Medium,2018-03-09
CP00628,Wheeler PLC,NA,Bank,High,2023-08-17
CP00629,"Wallace, Smith and Cooper",NA,Corporate,Low,2019-09-30
CP00630,Mcneil Group,APAC,Hedge Fund,Low,2018-11-11
CP00631,"Anderson, Jones and Reyes",EMEA,Asset Manager,Medium,2019-07-20
CP00632,"Shaffer, Garcia and Richardson",APAC,Hedge Fund,Low,2022-05-22
CP00633,Taylor-Ayala,APAC,Bank,Low,2020-04-06
CP00634,May Ltd,NA,Bank,Low,2024-12-29
CP00635,Jones PLC,APAC,Hedge Fund,Low,2021-01-11
CP00636,Bishop and Sons,EMEA,Bank,Low,2020-10-23
CP00637,Bell-Lewis,EMEA,Bank,Low,2024-03-02
CP00638,"Hernandez, Jenkins and Parks",NA,Corporate,Medium,2019-10-25
CP00639,Miller Inc,EMEA,Pension Fund,Low,2020-03-16
CP00640,Goodwin PLC,APAC,Corporate,Low,2024-09-18
CP00641,"Cruz, Richmond and Edwards",APAC,Corporate,Low,2019-06-21
CP00642,Wright Ltd,EMEA,Bank,Low,2021-10-24
CP00643,Wright PLC,APAC,Pension Fund,Medium,2021-05-21
CP00644,"Griffith, Mitchell and Pugh",APAC,Bank,Low,2023-04-06
CP00645,Abbott Ltd,APAC,Pension Fund,Low,2023-12-06
CP00646,Harris-Lawson,APAC,Pension Fund,Medium,2019-09-21
CP00647,Adkins LLC,APAC,Asset Manager,Low,2020-01-20
CP00648,"Brown, Hurst and Blevins",APAC,Pension Fund,Low,2018-04-16
CP00649,Cruz-Allen,EMEA,Asset Manager,Low,2024-12-18
CP00650,"Wheeler, Rice and Levine",EMEA,Bank,High,2018-02-16
CP00651,Peck-Anderson,NA,Hedge Fund,Low,2021-09-17
CP00652,"Fisher, Payne and Thompson",APAC,Asset Manager,Low,2021-05-25
CP00653,Best-Townsend,APAC,Bank,Low,2020-09-09
CP00654,Matthews Inc,APAC,Asset Manager,Low,2020-08-18
CP00655,Lewis-Livingston,EMEA,Pension Fund,Low,2022-02-25
CP00656,Hunter-Fuller,NA,Bank,Low,2023-01-12
CP00657,"Wang, Henderson and Morales",APAC,Corporate,Low,2024-11-02
CP00658,"Herrera, Jensen and Ramirez",NA,Pension Fund,High,2022-01-22
CP00659,Miller-Mccall,APAC,Pension Fund,Medium,2022-04-10
CP00660,Herrera Group,EMEA,Pension Fund,Low,2022-02-17
CP00661,"Walters, Davenport and Becker",NA,Asset Manager,Medium,2023-08-27
CP00662,Collins Group,NA,Pension Fund,Low,2023-06-25
CP00663,"Ashley, Allen and Sanchez",NA,Corporate,Low,2024-04-10
CP00664,Wilson-Salazar,NA,Bank,Medium,2023-05-29
CP00665,Parker Ltd,APAC,Hedge Fund,Medium,2020-07-01
CP00666,"Yang, Wilson and Zimmerman",NA,Asset Manager,Medium,2021-07-19
CP00667,"Smith, Crawford and Reed",APAC,Bank,Low,2022-12-09
CP00668,"Logan, Le and Jackson",NA,Asset Manager,High,2022-10-21
CP00669,Brady LLC,EMEA,Asset Manager,Low,2018-04-26
CP00670,"Tanner, Wise and Johnson",NA,Bank,Medium,2022-05-24
CP00671,Nelson-Brown,EMEA,Asset Manager,High,2021-08-16
CP00672,"Proctor, Burton and Crawford",EMEA,Corporate,Low,2023-02-05
CP00673,"Ward, Porter and Bradley",EMEA,Hedge Fund,Medium,2024-09-11
CP00674,Moore-Ayala,NA,Bank,Low,2024-09-08
CP00675,"Craig, Wilson and Yang",APAC,Bank,Low,2021-01-04
CP00676,Williams Inc,APAC,Hedge Fund,Low,2020-09-05
CP00677,Williams LLC,APAC,Pension Fund,Low,2022-02-15
CP00678,Mora-White,APAC,Bank,High,2021-02-01
CP00679,Tran Ltd,NA,Asset Manager,Medium,2018-10-25
CP00680,"Rios, Walker and Wright",APAC,Bank,Low,2024-02-05
CP00681,"Flores, Mckenzie and Duncan",NA,Hedge Fund,Medium,2024-06-21
CP00682,Shaw Inc,APAC,Corporate,High,2020-11-29
CP00683,Walker PLC,APAC,Asset Manager,Low,2018-09-17
CP00684,Finley Inc,NA,Bank,High,2023-08-18
CP00685,Cline-Ayala,EMEA,Hedge Fund,Low,2023-09-29
CP00686,Murphy-Tran,EMEA,Bank,Medium,2024-01-19
CP00687,Wood LLC,EMEA,Hedge Fund,Low,2023-03-09
CP00688,"Mueller, Stevenson and Sanchez",NA,Asset Manager,Low,2018-06-26
CP00689,Vargas-Snyder,APAC,Bank,Low,2020-09-28
CP00690,Oconnor PLC,NA,Bank,Medium,2023-04-04
CP00691,Hernandez Group,NA,Hedge Fund,Low,2024-11-08
CP00692,Hall LLC,EMEA,Pension Fund,Low,2022-07-27
CP00693,"Franco, Wiley and Tapia",APAC,Pension Fund,Low,2018-10-04
CP00694,Blake Group,EMEA,Bank,High,2024-12-21
CP00695,"Acosta, Garcia and Moreno",APAC,Corporate,Low,2019-11-08
CP00696,Barnes Inc,APAC,Hedge Fund,Low,2022-12-30
CP00697,Dawson Inc,APAC,Hedge Fund,Low,2020-11-18
CP00698,Morse PLC,EMEA,Corporate,Low,2021-09-19
CP00699,Haynes-Watson,NA,Pension Fund,Medium,2023-10-06
CP00700,"Miller, Davis and Anderson",NA,Pension Fund,Medium,2019-07-02
CP00701,Jones-Bradley,NA,Asset Manager,Low,2021-02-10
CP00702,Bates-Anderson,EMEA,Hedge Fund,Low,2023-09-16
CP00703,Green-Edwards,APAC,Corporate,Medium,2023-08-04
CP00704,Haynes-Moss,APAC,Bank,Low,2019-03-16
CP00705,Chavez-Hall,NA,Asset Manager,Medium,2022-10-20
CP00706,Taylor PLC,APAC,Hedge Fund,Medium,2022-06-05
CP00707,Moore and Sons,NA,Asset Manager,Medium,2023-01-25
CP00708,Owens-Russell,EMEA,Bank,Low,2022-05-21
CP00709,"Howard, Townsend and Hayes",EMEA,Bank,Low,2022-07-23
CP00710,Baker-Wilson,NA,Pension Fund,High,2018-11-04
CP00711,Aguirre LLC,EMEA,Bank,Low,2019-09-12
CP00712,"Terry, Williams and Huff",NA,Asset Manager,Medium,2021-02-07
CP00713,Hernandez-Dawson,NA,Bank,Low,2021-10-28
CP00714,Foster-Williams,EMEA,Bank,Medium,2024-08-02
CP00715,Green-Ewing,APAC,Bank,Low,2024-02-08
CP00716,Crane Group,EMEA,Bank,Low,2021-10-12
CP00717,"Adkins, Wright and Murray",NA,Corporate,Low,2022-08-28
CP00718,Martinez Inc,APAC,Bank,Medium,2023-10-18
CP00719,Anderson Group,EMEA,Pension Fund,Medium,2024-05-29
CP00720,Parks-Pace,EMEA,Asset Manager,Low,2018-07-01
CP00721,Aguilar LLC,NA,Hedge Fund,Low,2024-10-18
CP00722,Johnson Inc,APAC,Asset Manager,Medium,2022-01-28
CP00723,Orr Group,NA,Asset Manager,Low,2020-07-03
CP00724,Davis LLC,NA,Corporate,Low,2022-04-08
CP00725,Williams Group,APAC,Bank,Low,2023-10-16
CP00726,Jackson PLC,APAC,Hedge Fund,Low,2020-11-11
CP00727,Underwood-Foster,NA,Corporate,Low,2022-06-25
CP00728,Reyes Group,APAC,Pension Fund,Low,2024-08-29
CP00729,Gomez and Sons,NA,Corporate,Low,2022-06-28
CP00730,Ramirez-Stephenson,EMEA,Hedge Fund,Low,2022-05-03
CP00731,Mendez PLC,APAC,Corporate,Low,2023-09-19
CP00732,Holland Group,NA,Hedge Fund,Low,2021-08-02
CP00733,Andrade-Mendoza,EMEA,Hedge Fund,Low,2020-04-02
CP00734,Ramirez and Sons,EMEA,Bank,Medium,2019-08-26
CP00735,Gonzalez-Wilkerson,APAC,Asset Manager,Low,2022-06-10
CP00736,"Wright, Mcknight and Stephens",EMEA,Bank,Low,2020-02-25
CP00737,Mayo Ltd,APAC,Hedge Fund,Low,2021-04-27
CP00738,Castillo-Harrington,APAC,Corporate,Low,2019-11-03
CP00739,Durham-Shaw,NA,Bank,Low,2021-06-21
CP00740,Nelson-Johnson,APAC,Bank,Low,2021-01-02
CP00741,"Robinson, Huang and Osborne",EMEA,Bank,Medium,2024-12-02
CP00742,Stokes Group,APAC,Pension Fund,Low,2023-06-22
CP00743,"Howard, Silva and Hall",NA,Asset Manager,High,2018-04-12
CP00744,Garcia Ltd,APAC,Hedge Fund,Low,2022-11-16
CP00745,Adams Ltd,NA,Corporate,Low,2018-06-26
CP00746,Gallagher and Sons,EMEA,Corporate,Low,2018-08-27
CP00747,"Bradford, Salinas and Kelly",APAC,Hedge Fund,Low,2021-01-28
CP00748,Thompson PLC,APAC,Asset Manager,Low,2023-06-02
CP00749,Drake-Wolfe,APAC,Corporate,Medium,2024-12-18
CP00750,"Johnson, Haynes and Meza",EMEA,Asset Manager,Low,2023-06-28
CP00751,"Thomas, Vaughan and Copeland",APAC,Bank,High,2022-03-19
CP00752,Weaver-Thompson,NA,Corporate,Medium,2020-01-26
CP00753,Davis and Sons,EMEA,Asset Manager,Low,2024-03-09
CP00754,"Robinson, Fox and Smith",APAC,Bank,Low,2021-02-21
CP00755,"Harris, Anderson and Love",EMEA,Hedge Fund,Low,2021-11-13
CP00756,Brown-Hernandez,NA,Bank,Low,2018-05-21
CP00757,"Stark, Schroeder and Mathis",APAC,Bank,Low,2019-06-26
CP00758,Yu-Brooks,APAC,Corporate,Low,2021-11-16
CP00759,"Foster, Garcia and Turner",APAC,Bank,Low,2018-09-28
CP00760,Daugherty Ltd,NA,Hedge Fund,Low,2020-11-02
CP00761,Conner-Yu,EMEA,Asset Manager,High,2023-03-07
CP00762,"Stewart, Mann and Hoffman",EMEA,Bank,Medium,2019-05-22
CP00763,"Buchanan, Walker and Chapman",NA,Pension Fund,High,2021-02-04
CP00764,Gray Ltd,NA,Bank,Low,2023-09-12
CP00765,"Phillips, Thompson and Smith",EMEA,Hedge Fund,Low,2023-02-17
CP00766,"Fry, Myers and Gamble",NA,Hedge Fund,Low,2020-12-29
CP00767,"Johnson, Guzman and Mccall",APAC,Bank,Low,2020-03-24
CP00768,"Walker, Cunningham and Zuniga",APAC,Bank,Low,2018-12-29
CP00769,Rivera Inc,APAC,Asset Manager,Medium,2021-12-28
CP00770,Reed LLC,APAC,Pension Fund,Medium,2020-07-18
CP00771,Fields Inc,EMEA,Bank,Low,2018-04-11
CP00772,"Santiago, Daniel and Rogers",NA,Asset Manager,Low,2022-08-10
CP00773,Baker and Sons,APAC,Asset Manager,Low,2023-08-20
CP00774,"Jones, Scott and Rodriguez",APAC,Corporate,Low,2020-11-19
CP00775,Williams Group,EMEA,Hedge Fund,Low,2024-11-15
CP00776,"Barnes, Jackson and Gutierrez",NA,Hedge Fund,Low,2020-07-10
CP00777,Bell-Bennett,APAC,Hedge Fund,Low,2024-09-04
CP00778,Kramer-Lane,EMEA,Asset Manager,High,2019-09-25
CP00779,"Perez, Hayes and Lloyd",APAC,Corporate,Low,2019-11-14
CP00780,Phillips LLC,APAC,Bank,Medium,2024-01-15
CP00781,Lynn-Jones,NA,Hedge Fund,Low,2024-07-11
CP00782,Barron and Sons,NA,Pension Fund,Low,2024-04-27
CP00783,"Jones, Mcmahon and Spence",APAC,Corporate,Low,2023-11-01
CP00784,Wheeler-Austin,NA,Pension Fund,Low,2020-01-25
CP00785,Bush-Reynolds,EMEA,Corporate,Low,2022-01-05
CP00786,"Martin, Preston and Moore",NA,Hedge Fund,Medium,2019-12-22
CP00787,Rivera and Sons,EMEA,Asset Manager,Medium,2018-03-17
CP00788,Terry-Bowen,EMEA,Asset Manager,Low,2021-07-18
CP00789,"Fernandez, Guerrero and Evans",EMEA,Bank,Low,2023-04-08
CP00790,Williams PLC,EMEA,Asset Manager,High,2018-03-04
CP00791,"Larsen, Hernandez and Ward",APAC,Asset Manager,Low,2020-05-24
CP00792,Miller-Colon,APAC,Bank,Low,2018-11-17
CP00793,"Greene, Gonzalez and Johnson",APAC,Corporate,Low,2023-11-21
CP00794,Little Inc,NA,Asset Manager,Medium,2021-12-24
CP00795,Anthony-Parker,APAC,Pension Fund,High,2020-05-24
CP00796,Ruiz-Jacobson,EMEA,Bank,Low,2022-10-13
CP00797,Davis-Stephens,NA,Bank,Medium,2024-04-22
CP00798,Watson Group,APAC,Asset Manager,Medium,2022-04-06
CP00799,Lopez-Williams,EMEA,Bank,Low,2018-04-23
CP00800,Marshall-Perez,EMEA,Asset Manager,Low,2019-04-07
CP00801,Elliott-Hernandez,NA,Corporate,Low,2020-06-06
CP00802,"Contreras, Miller and Cooper",APAC,Bank,High,2021-01-21
CP00803,"Gutierrez, Avila and Perez",EMEA,Asset Manager,Low,2020-12-12
CP00804,Randall PLC,NA,Asset Manager,Medium,2019-06-05
CP00805,Sheppard-Mcdaniel,NA,Hedge Fund,Low,2020-03-23
CP00806,Armstrong-Young,EMEA,Pension Fund,Medium,2024-04-03
CP00807,Miller-Orr,EMEA,Corporate,Low,2023-04-10
CP00808,"Johnson, Duncan and Black",EMEA,Asset Manager,Low,2022-05-25
CP00809,"Byrd, Oliver and Martinez",NA,Asset Manager,Medium,2020-07-16
CP00810,Thompson-Joyce,EMEA,Hedge Fund,Medium,2019-07-12
CP00811,Stokes and Sons,APAC,Pension Fund,Medium,2024-04-01
CP00812,Henderson Ltd,NA,Asset Manager,Low,2020-11-22
CP00813,Harris-Carson,EMEA,Asset Manager,Medium,2019-08-03
CP00814,Flowers LLC,EMEA,Corporate,Low,2019-06-27
CP00815,Bartlett-Sloan,APAC,Bank,Low,2023-12-03
CP00816,Miller PLC,EMEA,Corporate,Low,2024-03-02
CP00817,Arnold-Gates,APAC,Bank,Low,2020-11-19
CP00818,"Ellis, Marks and Buchanan",EMEA,Hedge Fund,Low,2019-04-20
CP00819,"Matthews, Harrington and Rodriguez",APAC,Hedge Fund,High,2024-04-20
CP00820,Hernandez PLC,EMEA,Pension Fund,Low,2020-06-24
CP00821,"Chang, Ayers and Buckley",NA,Corporate,Medium,2023-05-01
CP00822,"Chan, Floyd and Dillon",APAC,Asset Manager,Low,2019-01-22
CP00823,Humphrey-Baker,NA,Asset Manager,Low,2018-03-04
CP00824,"Washington, Lynch and Johnson",EMEA,Asset Manager,Low,2019-05-31
CP00825,Powell-Montgomery,NA,Pension Fund,High,2019-03-07
CP00826,"Steele, Williams and Preston",NA,Hedge Fund,Medium,2019-08-04
CP00827,Vaughn-Williams,EMEA,Hedge Fund,High,2022-04-11
CP00828,Mccall-Prince,NA,Bank,High,2021-03-11
CP00829,Morgan LLC,NA,Corporate,Low,2021-08-17
CP00830,Ramirez-Vasquez,EMEA,Asset Manager,Low,2024-06-17
CP00831,"Cohen, Compton and Perez",APAC,Hedge Fund,Medium,2019-04-17
CP00832,Mccann-Ramos,EMEA,Bank,Low,2021-11-18
CP00833,Adams-Butler,NA,Corporate,Low,2022-07-25
CP00834,"Davis, Alexander and Mcintyre",NA,Bank,Low,2022-01-09
CP00835,Figueroa-Malone,NA,Asset Manager,Low,2020-03-20
CP00836,Nicholson-Robertson,EMEA,Pension Fund,Low,2018-06-22
CP00837,Jones Ltd,NA,Hedge Fund,Low,2018-02-01
CP00838,"Powell, Deleon and Warren",APAC,Bank,Low,2018-02-17
CP00839,"Johnson, Lee and Whitaker",EMEA,Asset Manager,Low,2018-05-11
CP00840,Wright Group,APAC,Corporate,Low,2024-07-28
CP00841,Hull Ltd,APAC,Asset Manager,Low,2020-09-05
CP00842,Hill Group,APAC,Pension Fund,Medium,2022-07-05
CP00843,"Sanders, Leblanc and Maldonado",APAC,Bank,Low,2022-05-25
CP00844,Watson PLC,EMEA,Asset Manager,Low,2018-02-28
CP00845,Thompson-Harrell,APAC,Asset Manager,Medium,2021-02-04
CP00846,"Arnold, Cooper and Monroe",EMEA,Corporate,Low,2021-09-16
CP00847,Curry-Barker,APAC,Bank,Low,2020-02-08
CP00848,Johnson-Williams,APAC,Corporate,Medium,2019-11-15
CP00849,"Chan, Lewis and Walker",APAC,Asset Manager,Low,2023-07-03
CP00850,Byrd LLC,APAC,Hedge Fund,Medium,2024-05-23
CP00851,"Ortiz, Smith and Deleon",EMEA,Bank,Medium,2022-11-27
CP00852,"Smith, Buck and Holland",EMEA,Corporate,Medium,2022-01-18
CP00853,"Owen, Walker and Franklin",EMEA,Bank,Low,2020-06-05
CP00854,Marquez-Fletcher,EMEA,Hedge Fund,Low,2019-02-02
CP00855,Coleman-Bennett,APAC,Bank,Low,2022-03-20
CP00856,Stevens-Robinson,NA,Corporate,Low,2023-09-06
CP00857,Byrd-Holloway,EMEA,Asset Manager,Low,2018-11-10
CP00858,Silva-Smith,EMEA,Corporate,Low,2023-12-15
CP00859,"Levy, Franco and Hoffman",APAC,Bank,Low,2022-05-09
CP00860,"Lynch, Evans and Rodriguez",APAC,Asset Manager,Low,2021-05-07
CP00861,Rogers LLC,APAC,Asset Manager,Low,2020-03-22
CP00862,"Nguyen, Hill and Douglas",APAC,Corporate,Low,2024-02-15
CP00863,"Evans, Hernandez and Cannon",EMEA,Pension Fund,Medium,2023-07-27
CP00864,Trujillo PLC,EMEA,Bank,Low,2022-02-17
CP00865,Guerrero-Becker,EMEA,Asset Manager,Low,2019-03-27
CP00866,"Johnson, Jimenez and Phillips",NA,Bank,High,2023-03-11
CP00867,Sullivan-Doyle,NA,Asset Manager,Low,2021-10-10
CP00868,"Erickson, Armstrong and Lee",NA,Bank,Low,2019-08-21
CP00869,"Reeves, Parks and Little",NA,Hedge Fund,Low,2023-11-19
CP00870,Knox-Powers,APAC,Hedge Fund,Medium,2019-09-09
CP00871,"Evans, Jackson and Sandoval",APAC,Asset Manager,Low,2020-08-06
CP00872,"White, Davis and Anderson",APAC,Hedge Fund,Low,2022-05-02
CP00873,Hardy-Hansen,EMEA,Asset Manager,Low,2019-07-11
CP00874,Arroyo LLC,NA,Hedge Fund,Medium,2018-10-06
CP00875,"Davis, Kelly and Garner",APAC,Bank,Low,2023-07-08
CP00876,Fisher-Eaton,NA,Corporate,Low,2019-05-07
CP00877,Green-Carter,APAC,Bank,Medium,2018-09-13
CP00878,Ruiz Ltd,NA,Hedge Fund,Low,2024-08-26
CP00879,"Carpenter, Oliver and Kennedy",APAC,Asset Manager,Medium,2020-06-11
CP00880,Mason Ltd,APAC,Hedge Fund,Low,2019-06-27
CP00881,Moreno-Gutierrez,EMEA,Bank,Medium,2021-07-12
CP00882,Taylor and Sons,APAC,Hedge Fund,Low,2022-06-23
CP00883,Ortiz-Hudson,APAC,Pension Fund,Medium,2020-04-05
CP00884,Thomas-Huffman,APAC,Asset Manager,High,2021-09-15
CP00885,Maxwell Group,NA,Asset Manager,Low,2018-10-09
CP00886,Welch-Thompson,EMEA,Asset Manager,Low,2021-07-23
CP00887,"Brown, Hayes and Clark",APAC,Bank,Low,2020-02-13
CP00888,Johnston and Sons,EMEA,Hedge Fund,Low,2018-11-25
CP00889,Glover-Chan,NA,Corporate,Low,2024-03-09
CP00890,Mendez Ltd,APAC,Bank,Low,2020-07-12
CP00891,Powell-Sanford,EMEA,Bank,Low,2019-07-07
CP00892,Smith-Ferguson,APAC,Bank,Low,2023-09-06
CP00893,"Watson, Smith and Morris",APAC,Hedge Fund,Low,2023-09-07
CP00894,"Lee, Rhodes and Sims",EMEA,Pension Fund,Medium,2019-12-04
CP00895,Perez LLC,APAC,Bank,Low,2023-04-05
CP00896,Anderson-Reyes,EMEA,Asset Manager,Low,2024-09-27
CP00897,"Torres, Brown and Williams",NA,Bank,Low,2018-06-17
CP00898,Bryant-Meyer,APAC,Pension Fund,Low,2018-06-19
CP00899,"Morgan, Barron and Cowan",EMEA,Bank,Low,2018-08-18
CP00900,Ferrell-Henry,APAC,Hedge Fund,Low,2023-06-27
CP00901,Martin Group,NA,Asset Manager,Low,2019-01-03
CP00902,Perez Ltd,EMEA,Asset Manager,Medium,2019-06-13
CP00903,Clark Inc,NA,Hedge Fund,Low,2020-03-02
CP00904,"Wagner, Martinez and Dawson",EMEA,Hedge Fund,Medium,2019-06-09
CP00905,Brooks Ltd,APAC,Hedge Fund,Medium,2021-01-01
CP00906,Wise-Dean,EMEA,Bank,Medium,2022-07-28
CP00907,"Vang, Stanley and Valdez",NA,Bank,High,2023-11-25
CP00908,Williams Inc,EMEA,Hedge Fund,Low,2023-03-25
CP00909,Wallace-Martinez,NA,Bank,Low,2021-07-30
CP00910,Wells-Hernandez,NA,Bank,Medium,2018-05-14
CP00911,"Jennings, Smith and Fisher",APAC,Asset Manager,Low,2024-05-06
CP00912,Bates LLC,APAC,Pension Fund,Low,2022-07-02
CP00913,"Obrien, Taylor and Rivas",EMEA,Asset Manager,Medium,2023-03-05
CP00914,Hunt PLC,EMEA,Bank,Medium,2022-11-07
CP00915,Campbell Inc,NA,Bank,High,2018-01-19
CP00916,Gonzalez-Gonzalez,NA,Pension Fund,High,2022-11-14
CP00917,Decker-Dudley,APAC,Bank,Medium,2018-04-28
CP00918,Warner-Phillips,APAC,Bank,Low,2020-03-09
CP00919,Kelley and Sons,NA,Asset Manager,Medium,2022-09-09
CP00920,"Fitzpatrick, Rivera and Smith",APAC,Asset Manager,Low,2020-01-24
CP00921,"Davis, Rodriguez and Andrews",NA,Asset Manager,Low,2024-10-06
CP00922,Hernandez-Davis,EMEA,Bank,Medium,2021-10-25
CP00923,"Jones, Cummings and Conway",EMEA,Bank,Low,2023-09-30
CP00924,"Hall, Hinton and Phillips",APAC,Pension Fund,Low,2019-11-10
CP00925,Williams-Li,EMEA,Bank,Low,2018-04-17
CP00926,Phelps LLC,EMEA,Asset Manager,Medium,2019-10-21
CP00927,"Edwards, Rodgers and Davis",EMEA,Asset Manager,Low,2023-05-02
CP00928,Smith and Sons,APAC,Asset Manager,Medium,2021-12-20
CP00929,"Holland, Murphy and Kline",NA,Hedge Fund,Low,2021-01-01
CP00930,"Adams, Quinn and Watson",NA,Bank,Medium,2020-09-15
CP00931,White-Morales,APAC,Asset Manager,Medium,2022-12-15
CP00932,Nelson-Cruz,APAC,Corporate,Low,2022-11-19
CP00933,Marsh-Banks,APAC,Pension Fund,Low,2019-03-23
CP00934,Wilson Ltd,EMEA,Bank,Low,2023-05-04
CP00935,"Brown, Dunlap and Moore",EMEA,Bank,High,2023-10-20
CP00936,Pruitt-Webb,EMEA,Pension Fund,Medium,2023-06-22
CP00937,"Gregory, White and James",APAC,Asset Manager,High,2024-01-08
CP00938,Carr-Huffman,APAC,Corporate,Low,2020-02-14
CP00939,"Mcpherson, Anderson and Knapp",EMEA,Bank,Medium,2022-04-12
CP00940,Clay Group,EMEA,Asset Manager,Medium,2022-08-04
CP00941,Brown Ltd,NA,Asset Manager,Medium,2021-01-28
CP00942,Smith-Oneill,APAC,Asset Manager,High,2021-07-26
CP00943,"Saunders, Ray and Cunningham",EMEA,Hedge Fund,Low,2022-05-07
CP00944,"Marks, Stone and Watts",EMEA,Bank,Low,2022-08-15
CP00945,"Davis, Stanley and Wright",EMEA,Asset Manager,Medium,2020-08-02
CP00946,Alvarado-Davidson,NA,Bank,Medium,2019-04-01
CP00947,Combs PLC,EMEA,Hedge Fund,Low,2021-02-02
CP00948,"Brown, Schneider and Moore",NA,Pension Fund,Low,2020-08-04
CP00949,Christian-Booth,APAC,Hedge Fund,Low,2019-08-25
CP00950,Walton LLC,APAC,Corporate,Low,2019-12-27
CP00951,Rivera LLC,NA,Bank,Low,2024-03-31
CP00952,Hunter PLC,EMEA,Asset Manager,Medium,2021-11-19
CP00953,"Gray, Montoya and Miller",APAC,Pension Fund,Medium,2022-03-06
CP00954,Solis-West,APAC,Bank,Low,2018-09-09
CP00955,West-Wilson,APAC,Bank,Low,2022-03-26
CP00956,Mcgee-Smith,NA,Hedge Fund,Low,2018-03-21
CP00957,Gutierrez-Hawkins,APAC,Bank,Low,2020-06-17
CP00958,Petersen PLC,APAC,Asset Manager,Medium,2020-02-21
CP00959,"Walsh, Wu and Hart",APAC,Pension Fund,High,2018-08-15
CP00960,"Powers, Clements and Cox",APAC,Hedge Fund,Low,2020-12-11
CP00961,Velasquez Group,APAC,Bank,Medium,2021-04-25
CP00962,Castro-Harvey,EMEA,Hedge Fund,Medium,2020-11-24
CP00963,Moran-Cox,APAC,Asset Manager,Medium,2020-03-14
CP00964,Wilson-Malone,NA,Bank,Low,2020-01-13
CP00965,Smith LLC,APAC,Asset Manager,High,2023-12-20
CP00966,"Brandt, Carter and Boyd",EMEA,Asset Manager,Low,2019-12-06
CP00967,"Rodriguez, Prince and Vasquez",NA,Asset Manager,Low,2024-12-20
CP00968,"Newton, Ortiz and King",EMEA,Bank,Low,2021-11-28
CP00969,Lopez Group,EMEA,Asset Manager,Low,2024-06-29
CP00970,Bryant and Sons,APAC,Bank,Low,2019-09-08
CP00971,"Morgan, Sherman and Williams",APAC,Bank,Low,2018-11-26
CP00972,"Monroe, Chapman and Barton",EMEA,Corporate,Low,2021-10-28
CP00973,Ellis-Lawrence,NA,Asset Manager,Medium,2022-01-24
CP00974,"Taylor, Porter and Moreno",EMEA,Bank,Medium,2018-05-14
CP00975,Tran Group,EMEA,Bank,Low,2020-04-15
CP00976,"Webb, Romero and Morse",NA,Bank,Medium,2018-05-02
CP00977,Holt and Sons,EMEA,Bank,Medium,2022-01-16
CP00978,"Ochoa, Garcia and Sandoval",APAC,Bank,Medium,2020-08-23
CP00979,"Andrade, Gordon and Cruz",EMEA,Bank,Low,2018-05-10
CP00980,"Moon, Farmer and Hill",NA,Hedge Fund,Medium,2022-05-19
CP00981,Waller-Chavez,APAC,Asset Manager,High,2023-09-09
CP00982,Taylor PLC,EMEA,Asset Manager,Medium,2022-03-29
CP00983,"Tanner, Hunt and Cameron",APAC,Asset Manager,Low,2018-11-30
CP00984,"Valencia, Joseph and Walls",EMEA,Bank,Low,2021-02-28
CP00985,"Robinson, Clark and Klein",APAC,Pension Fund,Medium,2021-08-10
CP00986,"Reed, Chambers and Zavala",EMEA,Corporate,Low,2021-04-12
CP00987,"Hester, Thompson and Daniels",NA,Corporate,Low,2021-12-01
CP00988,"Morris, Wilson and Bell",APAC,Corporate,Low,2018-12-23
CP00989,Aguilar-Bender,EMEA,Pension Fund,Medium,2018-05-20
CP00990,"Butler, Adkins and Skinner",NA,Asset Manager,Medium,2022-03-08
CP00991,Rich-Henderson,NA,Bank,Low,2021-04-13
CP00992,Mills Inc,APAC,Asset Manager,High,2018-01-30
CP00993,Thomas-Santiago,APAC,Asset Manager,Low,2020-07-20
CP00994,Adams and Sons,APAC,Asset Manager,Medium,2024-12-19
CP00995,Vega-Thomas,NA,Asset Manager,Medium,2020-10-11
CP00996,Vaughn LLC,NA,Bank,Medium,2020-04-08
CP00997,Molina Inc,EMEA,Hedge Fund,High,2018-12-18
CP00998,Cervantes-Garcia,NA,Pension Fund,Low,2023-07-19
CP00999,"Stevenson, Hancock and Newton",EMEA,Asset Manager,Medium,2018-10-27
CP01000,"Price, Dixon and Robles",EMEA,Asset Manager,Low,2022-10-11
CP01001,"Roberts, Beck and House",APAC,Bank,Medium,2023-02-10
CP01002,Butler-French,NA,Hedge Fund,Medium,2021-05-01
CP01003,"Edwards, Arnold and Smith",APAC,Corporate,Medium,2022-08-24
CP01004,Harris-Melton,NA,Asset Manager,Low,2023-10-14
CP01005,Greer-Pruitt,NA,Corporate,Medium,2020-01-26
CP01006,"Mckinney, Richardson and Chapman",NA,Hedge Fund,Low,2020-02-10
CP01007,"Morrison, Parsons and Brandt",APAC,Asset Manager,Low,2021-05-24
CP01008,Cole-Lucero,APAC,Bank,Medium,2020-04-14
CP01009,Lopez and Sons,APAC,Asset Manager,Low,2024-01-24
CP01010,"Palmer, Bennett and Patterson",APAC,Hedge Fund,Medium,2023-03-23
CP01011,"Baker, Martin and Singleton",APAC,Hedge Fund,Low,2022-04-15
CP01012,Rivera Ltd,NA,Asset Manager,Low,2021-05-04
CP01013,Williams LLC,EMEA,Pension Fund,Medium,2019-05-22
CP01014,"Williams, Randolph and Gilbert",APAC,Bank,Low,2021-09-20
CP01015,"Turner, Tyler and Pierce",APAC,Corporate,Low,2022-01-01
CP01016,Bowers LLC,EMEA,Bank,Medium,2021-11-18
CP01017,"Robinson, White and Jones",EMEA,Hedge Fund,Low,2021-03-19
CP01018,"Moore, Daniels and Powell",EMEA,Bank,Medium,2020-02-01
CP01019,Walker-Lewis,NA,Hedge Fund,Low,2020-04-13
CP01020,Rivera-Carter,EMEA,Asset Manager,Medium,2021-11-30
CP01021,"Moreno, Barajas and Colon",NA,Bank,Medium,2018-10-11
CP01022,"Smith, Caldwell and Griffin",NA,Hedge Fund,Medium,2019-01-15
CP01023,"Austin, Oliver and Haley",APAC,Pension Fund,Low,2018-07-18
CP01024,"Blackwell, James and Hogan",NA,Bank,Medium,2019-07-11
CP01025,Cruz PLC,APAC,Corporate,Medium,2018-12-23
CP01026,"Campbell, Pruitt and Short",NA,Hedge Fund,Medium,2022-04-14
CP01027,Robertson-Hicks,APAC,Asset Manager,Low,2020-11-07
CP01028,Williams-Villanueva,NA,Bank,Medium,2019-01-15
CP01029,Flores Inc,NA,Bank,Medium,2019-11-12
CP01030,Jackson PLC,NA,Bank,Low,2024-12-29
CP01031,"Smith, Jones and Santiago",NA,Bank,Low,2022-11-16
CP01032,Hancock Group,APAC,Bank,Medium,2020-06-18
CP01033,Harris Ltd,APAC,Asset Manager,Low,2018-03-18
CP01034,"Rowe, Lucas and Case",EMEA,Corporate,High,2018-08-20
CP01035,"Parks, Johnson and Love",APAC,Corporate,Medium,2022-10-07
CP01036,Miller Inc,EMEA,Asset Manager,Medium,2020-08-20
CP01037,Bauer PLC,APAC,Bank,Low,2024-06-08
CP01038,Andrews and Sons,NA,Bank,Low,2024-03-13
CP01039,Russell-Hayes,EMEA,Hedge Fund,High,2023-10-19
CP01040,Hamilton-Smith,NA,Bank,Low,2019-01-29
CP01041,"Wilson, Smith and Cortez",APAC,Asset Manager,Medium,2021-01-14
CP01042,Avila PLC,NA,Asset Manager,Low,2018-09-25
CP01043,Haynes Inc,NA,Hedge Fund,Low,2020-12-29
CP01044,Reilly-Rodriguez,EMEA,Hedge Fund,Low,2019-09-04
CP01045,"Turner, Miller and Hubbard",EMEA,Corporate,Low,2021-10-03
CP01046,James-Short,NA,Corporate,High,2020-10-06
CP01047,Wells PLC,APAC,Hedge Fund,Low,2020-08-20
CP01048,Taylor Group,EMEA,Pension Fund,Low,2019-11-05
CP01049,"Phillips, Walters and Evans",APAC,Pension Fund,Low,2024-10-07
CP01050,"Wong, Bernard and Smith",APAC,Hedge Fund,Low,2022-08-29
CP01051,"Thomas, Williams and Armstrong",APAC,Hedge Fund,Low,2023-12-04
CP01052,Medina-Arroyo,APAC,Asset Manager,Medium,2024-03-18
CP01053,Clark-Figueroa,APAC,Pension Fund,Low,2018-02-01
CP01054,"Cooper, Gutierrez and Brewer",APAC,Corporate,Low,2021-09-29
CP01055,"Thomas, White and Jensen",NA,Bank,Low,2021-11-02
CP01056,Lee-White,EMEA,Hedge Fund,High,2021-02-28
CP01057,"Phelps, York and Randolph",NA,Asset Manager,Low,2019-09-10
CP01058,"Murray, Dunn and Roberts",EMEA,Asset Manager,Low,2019-06-24
CP01059,King and Sons,APAC,Bank,Medium,2020-05-21
CP01060,"Carpenter, Lynn and Howard",EMEA,Corporate,Low,2018-04-12
CP01061,"Rios, Garcia and Harvey",EMEA,Asset Manager,Low,2021-11-14
CP01062,Stewart Group,APAC,Corporate,Low,2020-07-30
CP01063,Jensen-Torres,EMEA,Corporate,Medium,2018-12-08
CP01064,"Hernandez, Knight and Aguirre",APAC,Asset Manager,Low,2020-11-10
CP01065,Jackson-Edwards,EMEA,Hedge Fund,Medium,2018-02-08
CP01066,Joseph Ltd,EMEA,Asset Manager,Medium,2019-10-23
CP01067,Hill-Ward,APAC,Bank,Low,2023-07-28
CP01068,"Quinn, Humphrey and Ford",APAC,Asset Manager,Low,2022-04-11
CP01069,Hampton-Tucker,NA,Bank,Low,2022-07-16
CP01070,Thompson PLC,EMEA,Asset Manager,Medium,2020-11-16
CP01071,Wilkinson and Sons,APAC,Bank,Low,2019-03-31
CP01072,"Gonzalez, Gross and Sims",NA,Bank,Low,2022-09-02
CP01073,"Jones, Smith and Hunter",APAC,Bank,Low,2021-09-09
CP01074,Hess PLC,EMEA,Bank,High,2020-03-30
CP01075,Hammond-Lewis,NA,Asset Manager,Low,2020-02-13
CP01076,Arnold PLC,APAC,Asset Manager,High,2018-01-14
CP01077,"Kennedy, Rowe and Diaz",APAC,Asset Manager,Low,2020-07-10
CP01078,Vance PLC,APAC,Bank,Low,2020-04-05
CP01079,"Vincent, Anderson and Mason",APAC,Bank,Low,2024-08-16
CP01080,Sanders PLC,APAC,Bank,Low,2021-08-08
CP01081,Bates PLC,EMEA,Bank,Low,2024-07-08
CP01082,"Martin, Palmer and Griffin",APAC,Corporate,Low,2024-04-28
CP01083,Knight PLC,EMEA,Bank,High,2023-07-12
CP01084,"Brennan, Thomas and Dennis",NA,Hedge Fund,Medium,2021-05-14
CP01085,Williams-Juarez,NA,Bank,Medium,2019-11-29
CP01086,Brown LLC,EMEA,Bank,Low,2020-08-08
CP01087,Williams and Sons,APAC,Asset Manager,Low,2024-09-01
CP01088,"Velez, Ward and Harrison",EMEA,Asset Manager,Low,2024-11-21
CP01089,Keith-Williams,EMEA,Bank,Medium,2021-12-10
CP01090,"Nguyen, Padilla and Boyd",EMEA,Bank,High,2018-03-11
CP01091,Davenport-Baker,APAC,Hedge Fund,Low,2022-11-18
CP01092,"Hudson, Bennett and Gray",NA,Bank,Low,2024-02-27
CP01093,"Valdez, Houston and Black",EMEA,Bank,Low,2024-03-14
CP01094,Kaufman-Walker,APAC,Pension Fund,Low,2023-05-25
CP01095,Gomez-Parrish,APAC,Asset Manager,Low,2018-08-01
CP01096,Sparks-Eaton,EMEA,Asset Manager,Medium,2019-05-24
CP01097,Shaw and Sons,NA,Hedge Fund,Medium,2023-08-27
CP01098,Martin-Jones,NA,Hedge Fund,Low,2022-03-03
CP01099,"Campbell, Hernandez and Moore",NA,Asset Manager,Low,2018-11-29
CP01100,"Love, Wilson and Hall",APAC,Asset Manager,High,2019-07-06
CP01101,Cortez-Olson,EMEA,Asset Manager,Low,2022-06-14
CP01102,Mendoza-Garza,EMEA,Bank,Low,2020-07-31
CP01103,"Whitaker, Johnson and Williams",APAC,Asset Manager,Low,2024-04-23
CP01104,"Vargas, Taylor and Hunt",APAC,Hedge Fund,Low,2019-12-30
CP01105,"Thomas, Jackson and Nielsen",NA,Corporate,Low,2020-05-30
CP01106,"Mullen, Greene and Elliott",APAC,Asset Manager,Medium,2019-10-12
CP01107,Johns Ltd,EMEA,Asset Manager,Low,2020-09-27
CP01108,"Nicholson, Valentine and Robinson",APAC,Bank,Low,2022-03-03
CP01109,"Haney, Dillon and Jackson",APAC,Asset Manager,Medium,2024-11-24
CP01110,Burke-Norton,APAC,Bank,Low,2022-06-02
CP01111,Hanson PLC,NA,Hedge Fund,Medium,2024-12-30
CP01112,Jackson-Jennings,NA,Bank,Medium,2020-10-07
CP01113,Carlson-Jones,NA,Asset Manager,Low,2022-04-01
CP01114,Cruz-Rodriguez,EMEA,Bank,Medium,2020-03-15
CP01115,Mills PLC,APAC,Hedge Fund,Low,2018-08-03
CP01116,"Barnes, Hernandez and Davis",EMEA,Corporate,High,2018-06-19
CP01117,Valenzuela-Greene,EMEA,Bank,Low,2020-09-05
CP01118,"Gordon, Wilson and Olson",NA,Asset Manager,High,2021-08-22
CP01119,Winters PLC,APAC,Hedge Fund,Medium,2018-05-27
CP01120,Prince Ltd,EMEA,Bank,Low,2022-12-05
CP01121,"Reynolds, Fisher and Golden",APAC,Corporate,Low,2019-06-01
CP01122,"Moreno, Perez and Lang",APAC,Bank,High,2019-03-30
CP01123,Bell-Ballard,NA,Hedge Fund,Medium,2018-03-02
CP01124,"Johnston, Coleman and Scott",EMEA,Asset Manager,Low,2019-06-13
CP01125,Kent Inc,APAC,Asset Manager,Medium,2020-10-21
CP01126,George-Stephens,APAC,Asset Manager,Low,2024-11-27
CP01127,Lopez-Fletcher,EMEA,Bank,Low,2022-04-15
CP01128,Lane Inc,NA,Bank,Low,2021-01-08
CP01129,"Smith, Pena and Watts",NA,Asset Manager,Low,2019-03-10
CP01130,Ortiz-Rodriguez,NA,Asset Manager,Medium,2021-03-23
CP01131,Pearson-King,NA,Corporate,Low,2019-02-06
CP01132,"Henderson, Diaz and Hill",APAC,Corporate,Medium,2023-10-07
CP01133,"Sanders, Harris and Arnold",EMEA,Corporate,Low,2024-02-13
CP01134,"Olson, Wood and Peters",EMEA,Hedge Fund,Low,2024-09-12
CP01135,Hinton-Lane,APAC,Hedge Fund,Low,2019-08-29
CP01136,"Sanders, Taylor and Shields",NA,Corporate,Low,2024-01-16
CP01137,Adkins Group,APAC,Hedge Fund,Low,2022-12-17
CP01138,"Avery, Garcia and Romero",NA,Bank,Low,2022-01-04
CP01139,Owen-Mendez,EMEA,Corporate,Low,2024-11-19
CP01140,"Mann, Martin and Oconnell",EMEA,Corporate,Low,2024-10-30
CP01141,Brock and Sons,EMEA,Hedge Fund,Low,2022-11-10
CP01142,Frost-Graham,NA,Bank,Low,2022-04-04
CP01143,Baker LLC,EMEA,Hedge Fund,Medium,2021-01-02
CP01144,Lynch Ltd,EMEA,Corporate,High,2020-07-18
CP01145,Arias-Morales,APAC,Pension Fund,Low,2023-05-07
CP01146,"Meyer, Dawson and Harper",EMEA,Bank,Low,2023-05-29
CP01147,Bowman Group,APAC,Bank,Low,2023-08-28
CP01148,Harris Ltd,NA,Corporate,High,2022-04-05
CP01149,"Mitchell, Johnson and Greene",EMEA,Hedge Fund,Low,2018-11-23
CP01150,"Hale, Gilbert and Craig",EMEA,Asset Manager,Low,2020-09-22
CP01151,Allen-Smith,APAC,Pension Fund,Low,2019-09-06
CP01152,Miller LLC,APAC,Bank,Low,2019-08-20
CP01153,Gomez-Foster,NA,Asset Manager,Low,2020-07-10
CP01154,"Gonzalez, Smith and Padilla",APAC,Bank,Medium,2020-04-22
CP01155,Dunn Ltd,APAC,Hedge Fund,Low,2021-05-11
CP01156,"Herman, Bailey and Richmond",APAC,Corporate,Medium,2018-12-11
CP01157,Perez-Mccarty,NA,Hedge Fund,Low,2023-02-21
CP01158,Spears-Andrews,NA,Pension Fund,Low,2020-05-09
CP01159,Thompson-Hunter,APAC,Asset Manager,High,2021-11-25
CP01160,"Jones, Phillips and Arroyo",APAC,Hedge Fund,Low,2019-03-22
CP01161,"Frye, Walter and Li",APAC,Bank,Medium,2022-11-25
CP01162,"Wright, Ramos and Bennett",NA,Hedge Fund,Low,2018-08-11
CP01163,Carrillo-Todd,EMEA,Hedge Fund,Low,2019-08-16
CP01164,Maldonado-Mosley,APAC,Bank,High,2020-10-28
CP01165,Olson LLC,APAC,Hedge Fund,Low,2021-07-20
CP01166,Reyes and Sons,APAC,Hedge Fund,Medium,2020-10-15
CP01167,"Haynes, Mcbride and Gutierrez",EMEA,Asset Manager,Low,2023-08-27
CP01168,Black-Smith,NA,Asset Manager,Medium,2021-12-19
CP01169,Wright-Davis,APAC,Asset Manager,Low,2023-08-09
CP01170,"Goodman, Peterson and Spencer",APAC,Bank,Low,2019-06-09
CP01171,Woods LLC,APAC,Bank,Medium,2023-09-01
CP01172,Shannon LLC,NA,Asset Manager,High,2024-03-26
CP01173,Valentine Ltd,APAC,Hedge Fund,High,2022-12-15
CP01174,Porter and Sons,NA,Bank,Medium,2021-08-05
CP01175,Moss LLC,EMEA,Corporate,Medium,2021-07-31
CP01176,Perez and Sons,APAC,Corporate,Low,2024-09-18
CP01177,"Kelly, Maxwell and Wilson",APAC,Asset Manager,Low,2020-12-26
CP01178,Lowe Ltd,APAC,Bank,Low,2022-08-01
CP01179,Austin-Duran,EMEA,Corporate,Low,2019-03-14
CP01180,"Rubio, Charles and Watson",NA,Asset Manager,Low,2020-04-09
CP01181,Vasquez-Galloway,EMEA,Corporate,Low,2018-09-17
CP01182,"Melton, Henry and Joyce",EMEA,Corporate,Low,2023-06-28
CP01183,"Ramirez, Walker and Ray",APAC,Corporate,Medium,2023-06-14
CP01184,Fox Group,NA,Asset Manager,Low,2018-04-14
CP01185,Ayers-Johnson,NA,Bank,Low,2020-09-20
CP01186,Long-Parks,APAC,Asset Manager,Low,2020-02-09
CP01187,Bryant Inc,NA,Asset Manager,Medium,2021-01-30
CP01188,"Holmes, Stewart and Smith",EMEA,Asset Manager,Medium,2021-05-07
CP01189,"Clark, Carpenter and Nguyen",EMEA,Bank,Medium,2024-03-24
CP01190,"Hensley, Lopez and Baker",NA,Bank,Low,2024-11-16
CP01191,Ruiz-Austin,NA,Corporate,Low,2018-08-26
CP01192,White-Coleman,EMEA,Asset Manager,Low,2021-02-19
CP01193,Haynes-Watson,APAC,Pension Fund,Low,2024-12-29
CP01194,Ramirez-White,APAC,Corporate,Low,2020-02-07
CP01195,Krause Ltd,NA,Asset Manager,Low,2020-09-18
CP01196,Olsen Ltd,APAC,Asset Manager,Low,2022-10-27
CP01197,Brock-Peters,APAC,Corporate,High,2024-05-10
CP01198,Gonzalez-Marsh,EMEA,Asset Manager,High,2024-03-30
CP01199,"Hernandez, Shaffer and Thompson",EMEA,Asset Manager,Low,2019-05-12
CP01200,Taylor-Barry,EMEA,Bank,Low,2020-11-14
CP01201,"Holmes, Le and Floyd",NA,Hedge Fund,Low,2022-09-24
CP01202,King-Garrison,APAC,Asset Manager,Low,2024-12-25
CP01203,Ross Ltd,APAC,Bank,High,2023-09-05
CP01204,Brown LLC,APAC,Bank,Low,2024-05-25
CP01205,Combs-Davis,NA,Hedge Fund,Medium,2018-12-05
CP01206,"Cook, Ward and Castro",EMEA,Bank,Low,2023-04-23
CP01207,Cooper-Jenkins,APAC,Bank,High,2022-12-24
CP01208,Dillon-Mccarty,NA,Hedge Fund,Low,2018-05-18
CP01209,Ray Ltd,NA,Pension Fund,Medium,2024-03-25
CP01210,"Ryan, Krause and Mitchell",NA,Asset Manager,Low,2018-11-17
CP01211,Nunez-Freeman,NA,Bank,Medium,2023-02-08
CP01212,"Griffin, Miller and Austin",APAC,Bank,Low,2020-07-05
CP01213,Welch-Thomas,NA,Asset Manager,Low,2021-04-21
CP01214,Davidson LLC,EMEA,Hedge Fund,High,2023-03-14
CP01215,Welch-Duncan,NA,Corporate,High,2023-11-05
CP01216,Miller LLC,NA,Asset Manager,Medium,2020-07-15
CP01217,Edwards Ltd,NA,Corporate,Medium,2023-10-03
CP01218,Page-Jacobs,EMEA,Bank,Medium,2021-06-13
CP01219,Nelson-Wallace,APAC,Asset Manager,Low,2023-06-07
CP01220,Adkins-Meyer,EMEA,Bank,Low,2019-03-10
CP01221,Gutierrez-White,NA,Pension Fund,Low,2020-09-26
CP01222,Martinez and Sons,NA,Asset Manager,Medium,2023-11-19
CP01223,"King, Manning and Brady",APAC,Hedge Fund,Low,2020-09-17
CP01224,Jackson Inc,APAC,Bank,Low,2019-08-23
CP01225,Brown Group,APAC,Bank,Low,2024-09-17
CP01226,"Brown, Wise and Warren",NA,Asset Manager,Medium,2019-02-01
CP01227,Garcia PLC,NA,Bank,Low,2019-02-20
CP01228,Miller Group,APAC,Asset Manager,Low,2020-07-28
CP01229,Perez-Rojas,EMEA,Bank,Low,2022-06-26
CP01230,Sims-Anderson,NA,Asset Manager,Low,2024-11-16
CP01231,Johnson Ltd,NA,Corporate,Low,2019-06-26
CP01232,Dalton-Nguyen,EMEA,Corporate,Medium,2022-07-09
CP01233,Mcdonald-Pitts,EMEA,Corporate,Medium,2023-05-01
CP01234,Dunn-Taylor,EMEA,Bank,Medium,2018-03-26
CP01235,"Ryan, Garza and Bryant",APAC,Bank,Low,2018-09-29
CP01236,"Fields, Elliott and Mills",EMEA,Asset Manager,Medium,2024-04-11
CP01237,"Ferguson, Stout and Olson",EMEA,Hedge Fund,Low,2019-01-24
CP01238,Ballard Group,NA,Hedge Fund,Low,2018-08-03
CP01239,Diaz-Green,EMEA,Bank,Medium,2018-03-01
CP01240,Smith-Mills,NA,Bank,Low,2022-06-15
CP01241,Cooper Group,APAC,Bank,Low,2020-04-23
CP01242,"Smith, Weeks and Arroyo",EMEA,Corporate,Medium,2022-03-09
CP01243,Evans-Cannon,APAC,Bank,Low,2022-09-27
CP01244,Harper-Robles,APAC,Asset Manager,Medium,2018-05-04
CP01245,"Brooks, Jenkins and Castro",NA,Bank,Low,2021-12-08
CP01246,Wright-Espinoza,NA,Asset Manager,Medium,2021-03-09
CP01247,"Price, Gray and Baker",APAC,Hedge Fund,Low,2024-10-23
CP01248,Garrett-Black,EMEA,Corporate,Low,2019-07-17
CP01249,"Aguirre, Cohen and Mitchell",NA,Corporate,Medium,2023-12-07
CP01250,"Patel, Adams and Lopez",APAC,Hedge Fund,Low,2022-10-05
CP01251,White LLC,EMEA,Pension Fund,Low,2020-06-24
CP01252,Walsh PLC,NA,Pension Fund,Low,2019-01-31
CP01253,Nelson-Dean,EMEA,Corporate,Low,2022-09-24
CP01254,Flores and Sons,APAC,Corporate,Low,2022-09-14
CP01255,Booker Inc,APAC,Bank,Low,2020-07-24
CP01256,Compton LLC,NA,Asset Manager,High,2021-01-07
CP01257,Martinez-Gonzales,EMEA,Bank,Low,2021-12-07
CP01258,Hall and Sons,APAC,Bank,Low,2018-03-17
CP01259,Snyder LLC,NA,Pension Fund,Low,2018-10-23
CP01260,Collins-Lloyd,APAC,Hedge Fund,Low,2018-01-22
CP01261,Ford-Moody,NA,Asset Manager,High,2020-11-05
CP01262,Miller-Christensen,APAC,Corporate,Low,2021-05-20
CP01263,Brown Group,NA,Corporate,High,2019-07-15
CP01264,Daniels and Sons,APAC,Pension Fund,Low,2021-01-15
CP01265,Huang LLC,APAC,Bank,Medium,2021-03-19
CP01266,Clayton-Martinez,APAC,Bank,Low,2019-01-08
CP01267,"Wright, Wise and Ramos",APAC,Hedge Fund,Medium,2023-07-22
CP01268,"Vang, Gonzalez and Moss",NA,Bank,Low,2020-03-29
CP01269,Boyd and Sons,NA,Bank,Low,2021-03-21
CP01270,Price-Ali,APAC,Hedge Fund,Low,2021-03-11
CP01271,Moore-Chandler,EMEA,Corporate,Low,2020-12-29
CP01272,"Pineda, Meyer and King",NA,Asset Manager,High,2021-07-08
CP01273,"Evans, Ward and Williams",NA,Hedge Fund,Low,2023-07-06
CP01274,"Robinson, Rodriguez and Chen",EMEA,Asset Manager,Low,2020-04-26
CP01275,Smith-Bauer,APAC,Bank,Medium,2023-06-16
CP01276,"Wilson, Mccormick and Smith",EMEA,Bank,Low,2019-06-06
CP01277,Perkins Ltd,EMEA,Corporate,High,2019-01-07
CP01278,Barker-Moore,APAC,Asset Manager,Medium,2021-12-14
CP01279,Wright Group,EMEA,Corporate,Low,2018-04-12
CP01280,Parks LLC,APAC,Bank,Medium,2019-10-24
CP01281,"Brown, Kelly and Moore",NA,Corporate,Low,2022-08-10
CP01282,"Moody, Martinez and Hall",APAC,Asset Manager,Low,2018-09-01
CP01283,"Kramer, Sherman and Trujillo",EMEA,Asset Manager,Low,2019-05-28
CP01284,Quinn-Smith,EMEA,Asset Manager,Low,2024-03-24
CP01285,Howard-Taylor,EMEA,Corporate,Medium,2022-03-23
CP01286,Washington Group,APAC,Asset Manager,High,2024-03-12
CP01287,"Phillips, Terry and Lopez",EMEA,Asset Manager,Low,2023-10-17
CP01288,Stephens LLC,EMEA,Pension Fund,Low,2019-02-01
CP01289,"Mcdonald, Dillon and George",EMEA,Corporate,High,2019-09-05
CP01290,"Martin, Schmidt and Cole",EMEA,Hedge Fund,Low,2021-06-15
CP01291,Weaver-Gibson,EMEA,Asset Manager,Low,2023-02-02
CP01292,"Hunter, Gross and Andrade",NA,Hedge Fund,Low,2020-02-10
CP01293,"Vincent, Parsons and Allen",APAC,Bank,High,2021-11-24
CP01294,"Brown, Coffey and Fuentes",NA,Asset Manager,Low,2019-02-12
CP01295,Warren Group,EMEA,Pension Fund,Medium,2023-02-17
CP01296,"Moore, Campbell and Ortiz",APAC,Pension Fund,Medium,2022-02-13
CP01297,Rodriguez-Mills,APAC,Hedge Fund,Low,2024-03-20
CP01298,Williams and Sons,APAC,Asset Manager,Low,2021-03-26
CP01299,Russo and Sons,NA,Bank,Medium,2019-10-17
CP01300,Washington Inc,NA,Pension Fund,Low,2024-10-12
CP01301,Duncan Group,NA,Pension Fund,Medium,2021-03-28
CP01302,"Burns, Hanson and Garza",EMEA,Asset Manager,High,2020-09-04
CP01303,Diaz PLC,EMEA,Corporate,Medium,2021-12-11
CP01304,"Jones, Conrad and Clark",APAC,Asset Manager,Medium,2024-08-16
CP01305,Hebert-Collier,APAC,Asset Manager,Medium,2021-09-30
CP01306,Owen-Brown,EMEA,Bank,Medium,2018-08-18
CP01307,"Paul, Zamora and Short",APAC,Hedge Fund,Low,2024-05-17
CP01308,"Brown, Jensen and Rice",APAC,Asset Manager,Low,2023-03-10
CP01309,"Jones, Torres and Blackburn",EMEA,Asset Manager,Low,2021-08-07
CP01310,"Davis, Hardy and Schmidt",NA,Hedge Fund,Medium,2020-12-07
CP01311,Lee Ltd,NA,Pension Fund,Low,2020-09-02
CP01312,Hudson and Sons,NA,Bank,Medium,2022-10-06
CP01313,"Curry, Perry and Garcia",EMEA,Asset Manager,Low,2020-01-29
CP01314,"Ray, Craig and Park",EMEA,Asset Manager,Medium,2018-11-18
CP01315,Andrade-Jackson,EMEA,Asset Manager,Low,2024-05-11
CP01316,Pierce PLC,NA,Asset Manager,Medium,2019-07-11
CP01317,Sandoval-Ferguson,APAC,Bank,Low,2020-04-24
CP01318,"Ramos, Gomez and Edwards",EMEA,Bank,Low,2021-08-30
CP01319,Kirk-Gutierrez,NA,Asset Manager,Low,2021-10-19
CP01320,"Jordan, Swanson and Franklin",APAC,Asset Manager,Medium,2019-10-31
CP01321,"Gardner, Brooks and Pierce",EMEA,Bank,Low,2024-08-25
CP01322,"King, Nixon and West",EMEA,Asset Manager,Low,2023-04-28
CP01323,Smith-Johnson,APAC,Hedge Fund,High,2023-06-29
CP01324,Larson-Holmes,APAC,Asset Manager,Medium,2023-04-16
CP01325,Smith-Joyce,APAC,Corporate,High,2020-01-17
CP01326,Foley Inc,APAC,Bank,Low,2019-11-07
CP01327,"Short, Ellison and Dixon",APAC,Bank,Low,2023-12-05
CP01328,"Howe, Moore and Johnson",NA,Corporate,Medium,2020-12-02
CP01329,Moore-Baker,APAC,Asset Manager,Low,2024-08-24
CP01330,"Wright, Scott and Evans",EMEA,Asset Manager,Medium,2024-11-19
CP01331,"Ross, Hardin and Navarro",APAC,Corporate,Low,2024-05-17
CP01332,"Nguyen, Olson and Freeman",NA,Corporate,Low,2019-09-11
CP01333,"Warner, Weiss and Davis",APAC,Pension Fund,Low,2023-12-07
CP01334,"Evans, Cross and Johnston",EMEA,Asset Manager,Low,2024-06-15
CP01335,Deleon LLC,NA,Hedge Fund,Low,2023-11-19
CP01336,Hobbs-Hamilton,NA,Hedge Fund,Low,2024-04-28
CP01337,Kane and Sons,APAC,Bank,High,2020-09-20
CP01338,"Delgado, Guzman and Smith",NA,Asset Manager,Low,2021-08-22
CP01339,"Reyes, Torres and Williams",EMEA,Bank,Medium,2021-10-10
CP01340,"Cunningham, Murphy and Wolfe",EMEA,Pension Fund,Medium,2018-10-14
CP01341,Williams Ltd,APAC,Asset Manager,Low,2024-07-04
CP01342,Maddox-Mullins,APAC,Asset Manager,Low,2023-10-13
CP01343,"Wagner, Walker and Roberts",NA,Hedge Fund,Medium,2019-11-19
CP01344,Hernandez-Rogers,EMEA,Bank,Medium,2021-07-30
CP01345,Duncan-Williams,EMEA,Bank,Medium,2022-01-05
CP01346,Baker-Ross,NA,Hedge Fund,Medium,2020-01-09
CP01347,Ayala-Anderson,NA,Bank,High,2023-05-14
CP01348,Castillo and Sons,APAC,Asset Manager,Low,2023-03-11
CP01349,Foster-Duncan,EMEA,Corporate,Low,2024-11-29
CP01350,"Gilbert, Fitzgerald and Sanchez",APAC,Corporate,Medium,2022-01-26
CP01351,Adams Group,NA,Asset Manager,Low,2023-10-03
CP01352,Cohen-Johnston,EMEA,Bank,Medium,2019-05-02
CP01353,Powers Group,NA,Corporate,Low,2022-02-23
CP01354,Bailey-Flores,APAC,Corporate,Low,2023-06-26
CP01355,"Rios, Carrillo and Jackson",APAC,Bank,Medium,2021-10-20
CP01356,Jensen-Branch,APAC,Asset Manager,Low,2024-09-23
CP01357,Hanson-Alexander,APAC,Bank,Low,2020-10-28
CP01358,Gonzalez LLC,APAC,Corporate,Low,2022-11-02
CP01359,Todd Inc,NA,Pension Fund,Medium,2019-10-31
CP01360,Singh and Sons,APAC,Bank,Low,2021-05-06
CP01361,"Mcintosh, Melton and Wilkins",APAC,Corporate,Medium,2020-04-15
CP01362,Cooper Inc,NA,Asset Manager,Low,2020-05-26
CP01363,Cole-Johnson,EMEA,Pension Fund,Medium,2024-08-12
CP01364,Singh and Sons,NA,Hedge Fund,Medium,2020-09-29
CP01365,Payne LLC,APAC,Corporate,Low,2018-09-08
CP01366,"Webb, Blair and Thomas",EMEA,Bank,Low,2023-04-25
CP01367,"Barnett, Bennett and Escobar",APAC,Hedge Fund,Low,2022-06-08
CP01368,"Williams, Jackson and Campbell",APAC,Bank,Medium,2021-06-18
CP01369,"Williamson, Brown and Pena",NA,Pension Fund,Low,2024-08-25
CP01370,Jones Ltd,APAC,Corporate,Medium,2020-05-22
CP01371,Alvarado-Durham,EMEA,Corporate,Low,2020-04-15
CP01372,Lin-Smith,EMEA,Pension Fund,Low,2020-07-08
CP01373,"Hughes, Whitney and Romero",APAC,Bank,Low,2022-09-22
CP01374,"Garcia, Stewart and Delacruz",NA,Hedge Fund,Low,2024-11-08
CP01375,"Miller, Gonzalez and Rasmussen",APAC,Bank,Low,2024-08-11
CP01376,"House, Smith and Wright",EMEA,Bank,Medium,2021-08-07
CP01377,"Torres, Burns and Garner",NA,Bank,Medium,2023-03-14
CP01378,Reed LLC,EMEA,Hedge Fund,Low,2019-02-08
CP01379,Garrett-Young,NA,Bank,High,2023-10-08
CP01380,"Hill, Brown and Scott",APAC,Bank,Medium,2021-08-21
CP01381,Zamora-Briggs,EMEA,Bank,High,2021-02-13
CP01382,Raymond LLC,APAC,Bank,Low,2018-07-30
CP01383,Hernandez Group,NA,Pension Fund,Low,2020-12-01
CP01384,"Taylor, Blair and Meyer",NA,Corporate,Low,2020-03-27
CP01385,"Salazar, Garrett and Perez",APAC,Pension Fund,Medium,2024-01-31
CP01386,Berry Group,EMEA,Hedge Fund,Low,2018-08-23
CP01387,Browning-Murphy,APAC,Bank,Low,2020-03-04
CP01388,"Anderson, Delgado and Carpenter",EMEA,Corporate,Low,2023-03-24
CP01389,"Mcbride, Huffman and Parker",EMEA,Hedge Fund,Low,2022-06-03
CP01390,"Roach, Browning and Jordan",NA,Bank,Medium,2023-12-08
CP01391,Douglas PLC,EMEA,Bank,Low,2018-12-02
CP01392,Stewart PLC,APAC,Bank,Low,2021-09-22
CP01393,"Fry, Wilson and Stewart",APAC,Bank,Medium,2022-06-29
CP01394,Acosta LLC,APAC,Hedge Fund,High,2021-01-03
CP01395,Ali-Turner,APAC,Asset Manager,Medium,2021-04-30
CP01396,"Peck, Shannon and Mahoney",APAC,Bank,High,2018-11-21
CP01397,Hernandez-Lopez,NA,Bank,Medium,2022-11-27
CP01398,Lopez PLC,EMEA,Corporate,Low,2018-10-12
CP01399,"Adams, Bradley and Hall",EMEA,Bank,Low,2018-08-02
CP01400,Hall Inc,APAC,Hedge Fund,Medium,2022-07-18
CP01401,Miller-Chan,NA,Corporate,Medium,2022-10-09
CP01402,Shaw PLC,NA,Bank,Medium,2020-07-18
CP01403,Joseph-Brooks,APAC,Bank,Low,2020-01-23
CP01404,Henry-Taylor,NA,Hedge Fund,Low,2021-11-19
CP01405,Perez Group,EMEA,Hedge Fund,Low,2024-07-15
CP01406,Schaefer Group,APAC,Asset Manager,Low,2022-12-28
CP01407,Newton and Sons,EMEA,Corporate,Low,2020-11-12
CP01408,Jones Group,EMEA,Bank,Medium,2022-12-01
CP01409,"Burns, Nguyen and Ellis",APAC,Asset Manager,Low,2023-03-09
CP01410,Patterson Inc,NA,Asset Manager,Low,2018-04-16
CP01411,"Moss, James and Edwards",NA,Bank,Low,2022-01-30
CP01412,"Crosby, Armstrong and Herrera",EMEA,Asset Manager,Medium,2022-01-23
CP01413,"Liu, Buchanan and Meyer",EMEA,Bank,Low,2021-12-27
CP01414,Bryant-Rich,EMEA,Hedge Fund,Low,2020-02-10
CP01415,Stone Group,EMEA,Bank,Low,2023-05-15
CP01416,"Williams, Hughes and Hubbard",EMEA,Hedge Fund,Low,2023-07-22
CP01417,Lee Group,APAC,Hedge Fund,High,2019-01-15
CP01418,Wilkerson-Ayala,EMEA,Corporate,High,2019-12-15
CP01419,Murray-Henderson,NA,Bank,Low,2021-10-05
CP01420,"Ellison, Vaughn and Mckee",EMEA,Hedge Fund,Low,2018-08-14
CP01421,Gallegos-Hayes,APAC,Hedge Fund,Medium,2022-10-05
CP01422,"Mason, White and Richards",NA,Asset Manager,Low,2020-01-09
CP01423,"Payne, Long and Morris",APAC,Asset Manager,Low,2018-08-25
CP01424,White PLC,APAC,Asset Manager,Low,2018-07-03
CP01425,"Huang, Khan and Davis",APAC,Corporate,High,2019-12-14
CP01426,Holt-Meadows,APAC,Corporate,Low,2023-03-09
CP01427,Higgins Inc,NA,Hedge Fund,Low,2024-10-28
CP01428,Wilson Group,EMEA,Asset Manager,Medium,2023-03-05
CP01429,"Cox, Mills and Cruz",APAC,Corporate,Low,2019-09-16
CP01430,"Salazar, Moore and Pierce",NA,Pension Fund,Low,2021-06-14
CP01431,Tate LLC,NA,Corporate,High,2021-02-25
CP01432,"Savage, Huffman and Martin",NA,Hedge Fund,Low,2020-01-20
CP01433,White Ltd,APAC,Bank,Medium,2024-01-13
CP01434,Barnes LLC,EMEA,Hedge Fund,Low,2024-04-24
CP01435,"Mack, Griffin and Sims",NA,Asset Manager,Low,2024-04-02
CP01436,Roach and Sons,NA,Hedge Fund,Low,2024-12-23
CP01437,Dean LLC,APAC,Hedge Fund,Low,2024-05-26
CP01438,Ellis Group,APAC,Corporate,Low,2019-05-26
CP01439,"Aguirre, Franklin and Snyder",EMEA,Hedge Fund,Medium,2022-04-26
CP01440,Chapman Group,NA,Corporate,Low,2022-12-30
CP01441,Ortiz-Miller,EMEA,Hedge Fund,Low,2020-02-25
CP01442,"Smith, Khan and Ramirez",EMEA,Hedge Fund,Low,2024-06-04
CP01443,"Grant, Bryan and Williams",APAC,Hedge Fund,Medium,2018-05-18
CP01444,Brown LLC,EMEA,Corporate,Low,2024-08-21
CP01445,Thomas Inc,NA,Bank,Low,2023-11-06
CP01446,"Lane, Morrison and Rivera",APAC,Bank,Low,2022-11-14
CP01447,Williams Group,NA,Pension Fund,Low,2021-05-08
CP01448,Martin LLC,NA,Bank,Low,2024-10-21
CP01449,"Guerrero, Graves and Armstrong",APAC,Asset Manager,Medium,2021-08-27
CP01450,"Thompson, Gibson and Riley",EMEA,Asset Manager,Low,2022-11-14
CP01451,Davis LLC,APAC,Hedge Fund,Low,2021-07-29
CP01452,Richardson-Gray,NA,Asset Manager,Low,2020-02-04
CP01453,Chang PLC,EMEA,Bank,Medium,2019-12-04
CP01454,Carter and Sons,EMEA,Asset Manager,Low,2018-06-02
CP01455,Neal LLC,NA,Hedge Fund,Low,2021-08-19
CP01456,Rose-Warren,APAC,Asset Manager,Low,2021-07-26
CP01457,"Clark, Brown and Duncan",NA,Bank,Low,2022-09-09
CP01458,"Rice, Miller and Ramsey",EMEA,Asset Manager,Low,2020-10-29
CP01459,"Peck, Andersen and Mitchell",APAC,Bank,Low,2020-03-18
CP01460,"Abbott, Green and Andrews",EMEA,Bank,Low,2018-08-24
CP01461,"Gomez, Anderson and Hart",NA,Bank,Low,2019-07-16
CP01462,"Daniel, Jimenez and Morton",APAC,Bank,Low,2021-08-19
CP01463,"Hall, Roberts and Lee",NA,Corporate,Low,2018-02-08
CP01464,Johnson Ltd,NA,Bank,Low,2021-03-06
CP01465,Mclaughlin and Sons,APAC,Pension Fund,Medium,2019-02-26
CP01466,"Duarte, Gutierrez and Cook",NA,Pension Fund,High,2021-05-28
CP01467,"Shaffer, Lewis and Davidson",APAC,Asset Manager,High,2018-12-15
CP01468,"Campbell, Tyler and Parker",APAC,Bank,Medium,2023-01-07
CP01469,"Pierce, Wang and Wilson",APAC,Hedge Fund,Medium,2022-04-20
CP01470,Peterson-Ramsey,NA,Corporate,Medium,2023-04-04
CP01471,"Choi, Collier and Lee",EMEA,Hedge Fund,Low,2024-05-10
CP01472,Nielsen-Mendoza,APAC,Bank,Medium,2023-03-18
CP01473,Robles-Brewer,EMEA,Asset Manager,Low,2024-06-14
CP01474,Moore-Murray,EMEA,Corporate,Low,2021-10-30
CP01475,"Huang, Ford and Olsen",APAC,Corporate,Medium,2022-12-31
CP01476,"Brown, Meyer and Cunningham",NA,Bank,Low,2024-10-28
CP01477,"Stewart, Herrera and Clark",NA,Asset Manager,Low,2021-05-14
CP01478,"Rivera, Hendricks and Flynn",EMEA,Bank,High,2019-02-10
CP01479,Montes LLC,NA,Bank,Low,2022-09-19
CP01480,Morgan Group,EMEA,Corporate,Low,2021-05-06
CP01481,"Ferguson, Martin and Obrien",NA,Bank,High,2018-04-26
CP01482,Larson LLC,EMEA,Bank,Medium,2022-08-05
CP01483,"Hodge, Mckinney and Nelson",EMEA,Bank,Low,2018-03-07
CP01484,Crawford and Sons,APAC,Corporate,Low,2021-07-24
CP01485,Hayes-Sampson,NA,Corporate,Low,2020-04-05
CP01486,Warren and Sons,EMEA,Asset Manager,Medium,2024-04-06
CP01487,Brooks Inc,APAC,Corporate,Low,2024-06-08
CP01488,Gentry Group,APAC,Bank,Low,2021-11-17
CP01489,"Johnson, Webb and Porter",EMEA,Hedge Fund,Low,2020-08-27
CP01490,Peterson Group,EMEA,Hedge Fund,Low,2019-01-05
CP01491,"Russo, Collins and Murphy",NA,Bank,High,2018-08-22
CP01492,Short PLC,NA,Hedge Fund,Low,2024-02-22
CP01493,"Haney, Harris and Johnson",APAC,Pension Fund,Medium,2020-06-26
CP01494,Reeves-Boyd,NA,Bank,Low,2020-07-10
CP01495,Collins Inc,APAC,Bank,Medium,2019-11-21
CP01496,"Charles, Wiggins and Cook",NA,Bank,High,2018-06-27
CP01497,Garcia Ltd,NA,Bank,Low,2024-03-15
CP01498,"Edwards, Lane and Collins",EMEA,Pension Fund,Low,2020-11-01
CP01499,Flores and Sons,NA,Hedge Fund,Low,2022-01-10
CP01500,Hill-Flores,APAC,Hedge Fund,Medium,2019-09-23
